,file_path,length,label
0,0011/Neutral/train/0011_000176.wav,77072,
1,0011/Happy/train/0011_000927.wav,72160,
2,0011/Sad/test/0011_001090.wav,72016,
3,0011/Neutral/train/0011_000274.wav,70624,
4,0011/Sad/evaluation/0011_001063.wav,70368,
5,0011/Sad/train/0011_001226.wav,69920,
6,0011/Angry/train/0011_000577.wav,69792,
7,0011/Surprise/evaluation/0011_001413.wav,69696,
8,0011/Neutral/evaluation/0011_000013.wav,69280,
9,0011/Neutral/train/0011_000255.wav,68992,
10,0011/Surprise/train/0011_001627.wav,68944,
11,0011/Sad/test/0011_001081.wav,68400,
12,0011/Sad/train/0011_001277.wav,68304,
13,0011/Happy/train/0011_000876.wav,66640,
14,0011/Sad/train/0011_001305.wav,66624,
15,0011/Sad/train/0011_001379.wav,66400,
16,0011/Angry/train/0011_000624.wav,66320,
17,0011/Surprise/train/0011_001576.wav,66256,
18,0011/Surprise/train/0011_001719.wav,66208,
19,0011/Happy/evaluation/0011_000713.wav,66080,
20,0011/Surprise/train/0011_001655.wav,65760,
21,0011/Sad/train/0011_001324.wav,65280,
22,0011/Angry/train/0011_000526.wav,65136,
23,0011/Neutral/test/0011_000040.wav,65120,
24,0011/Angry/test/0011_000390.wav,64960,
25,0011/Surprise/test/0011_001431.wav,64384,
26,0011/Sad/test/0011_001078.wav,63712,
27,0011/Happy/test/0011_000740.wav,63632,
28,0011/Angry/evaluation/0011_000363.wav,63600,
29,0011/Sad/train/0011_001336.wav,63360,
30,0011/Sad/train/0011_001390.wav,62800,
31,0011/Sad/train/0011_001257.wav,62720,
32,0011/Sad/train/0011_001106.wav,62512,
33,0011/Happy/test/0011_000728.wav,62224,
34,0011/Neutral/test/0011_000031.wav,62112,
35,0011/Angry/test/0011_000378.wav,62064,
36,0011/Surprise/test/0011_001440.wav,61680,
37,0011/Surprise/train/0011_001686.wav,61552,
38,0011/Neutral/test/0011_000028.wav,61552,
39,0011/Angry/test/0011_000381.wav,60400,
40,0011/Surprise/train/0011_001607.wav,60224,
41,0011/Neutral/train/0011_000227.wav,60192,
42,0011/Sad/train/0011_001179.wav,60128,
43,0011/Sad/train/0011_001198.wav,59680,
44,0011/Neutral/train/0011_000148.wav,59616,
45,0011/Sad/train/0011_001109.wav,59600,
46,0011/Angry/test/0011_000395.wav,59360,
47,0011/Angry/train/0011_000655.wav,59312,
48,0011/Sad/test/0011_001072.wav,59200,
49,0011/Surprise/test/0011_001428.wav,59136,
50,0011/Surprise/train/0011_001544.wav,59088,
51,0011/Angry/train/0011_000605.wav,58976,
52,0011/Sad/train/0011_001292.wav,58864,
53,0011/Angry/train/0011_000658.wav,58656,
54,0011/Angry/train/0011_000636.wav,58640,
55,0011/Surprise/train/0011_001642.wav,58400,
56,0011/Surprise/train/0011_001708.wav,58400,
57,0011/Happy/train/0011_001029.wav,58176,
58,0011/Surprise/train/0011_001693.wav,57840,
59,0011/Happy/train/0011_000974.wav,57760,
60,0011/Surprise/train/0011_001568.wav,57760,
61,0011/Angry/evaluation/0011_000354.wav,57680,
62,0011/Surprise/train/0011_001674.wav,57680,
63,0011/Happy/train/0011_000955.wav,57632,
64,0011/Neutral/train/0011_000286.wav,57504,
65,0011/Angry/train/0011_000561.wav,57456,
66,0011/Surprise/train/0011_001706.wav,57440,
67,0011/Surprise/train/0011_001740.wav,57408,
68,0011/Sad/train/0011_001240.wav,57376,
69,0011/Surprise/evaluation/0011_001404.wav,57168,
70,0011/Angry/train/0011_000540.wav,57120,
71,0011/Sad/train/0011_001359.wav,57024,
72,0011/Angry/train/0011_000488.wav,56960,
73,0011/Sad/train/0011_001343.wav,56816,
74,0011/Surprise/train/0011_001452.wav,56816,
75,0011/Angry/train/0011_000622.wav,56800,
76,0011/Angry/train/0011_000643.wav,56768,
77,0011/Neutral/train/0011_000088.wav,56608,
78,0011/Surprise/train/0011_001729.wav,56544,
79,0011/Surprise/train/0011_001672.wav,56432,
80,0011/Neutral/train/0011_000190.wav,56288,
81,0011/Angry/train/0011_000690.wav,56256,
82,0011/Surprise/train/0011_001590.wav,56224,
83,0011/Neutral/train/0011_000211.wav,56208,
84,0011/Sad/evaluation/0011_001066.wav,56176,
85,0011/Angry/train/0011_000421.wav,56080,
86,0011/Happy/train/0011_000836.wav,56048,
87,0011/Sad/test/0011_001088.wav,56032,
88,0011/Surprise/train/0011_001661.wav,56000,
89,0011/Angry/train/0011_000679.wav,55968,
90,0011/Sad/train/0011_001102.wav,55968,
91,0011/Surprise/train/0011_001715.wav,55952,
92,0011/Surprise/train/0011_001538.wav,55936,
93,0011/Neutral/test/0011_000022.wav,55872,
94,0011/Sad/test/0011_001084.wav,55776,
95,0011/Happy/test/0011_000722.wav,55712,
96,0011/Angry/train/0011_000663.wav,55712,
97,0011/Surprise/train/0011_001548.wav,55712,
98,0011/Neutral/train/0011_000233.wav,55696,
99,0011/Sad/train/0011_001121.wav,55680,
100,0011/Surprise/train/0011_001503.wav,55648,
101,0011/Sad/train/0011_001164.wav,55616,
102,0011/Angry/train/0011_000478.wav,55600,
103,0011/Angry/train/0011_000660.wav,55584,
104,0011/Angry/train/0011_000592.wav,55520,
105,0011/Neutral/train/0011_000071.wav,55424,
106,0011/Happy/train/0011_000911.wav,55392,
107,0011/Sad/train/0011_001236.wav,55360,
108,0011/Sad/train/0011_001384.wav,55360,
109,0011/Neutral/train/0011_000178.wav,55344,
110,0011/Neutral/train/0011_000207.wav,55312,
111,0011/Happy/test/0011_000731.wav,55200,
112,0011/Sad/train/0011_001358.wav,55168,
113,0011/Surprise/train/0011_001488.wav,55168,
114,0011/Surprise/train/0011_001613.wav,55152,
115,0011/Surprise/train/0011_001647.wav,55072,
116,0011/Sad/train/0011_001310.wav,55040,
117,0011/Happy/train/0011_000890.wav,55040,
118,0011/Sad/test/0011_001095.wav,55040,
119,0011/Neutral/train/0011_000329.wav,54896,
120,0011/Neutral/train/0011_000075.wav,54832,
121,0011/Neutral/train/0011_000100.wav,54784,
122,0011/Sad/train/0011_001347.wav,54752,
123,0011/Sad/evaluation/0011_001052.wav,54720,
124,0011/Happy/train/0011_000986.wav,54720,
125,0011/Happy/train/0011_000838.wav,54672,
126,0011/Surprise/train/0011_001702.wav,54672,
127,0011/Happy/train/0011_000759.wav,54656,
128,0011/Sad/train/0011_001311.wav,54640,
129,0011/Sad/train/0011_001369.wav,54560,
130,0011/Neutral/train/0011_000059.wav,54528,
131,0011/Angry/train/0011_000438.wav,54528,
132,0011/Sad/train/0011_001355.wav,54512,
133,0011/Angry/train/0011_000576.wav,54336,
134,0011/Surprise/test/0011_001422.wav,54288,
135,0011/Sad/train/0011_001188.wav,54240,
136,0011/Neutral/train/0011_000138.wav,54208,
137,0011/Sad/test/0011_001093.wav,54192,
138,0011/Neutral/train/0011_000273.wav,54192,
139,0011/Sad/train/0011_001138.wav,54192,
140,0011/Sad/train/0011_001125.wav,54096,
141,0011/Neutral/train/0011_000103.wav,54080,
142,0011/Surprise/train/0011_001705.wav,54032,
143,0011/Surprise/train/0011_001459.wav,53904,
144,0011/Neutral/test/0011_000050.wav,53840,
145,0011/Neutral/train/0011_000308.wav,53792,
146,0011/Angry/test/0011_000400.wav,53728,
147,0011/Angry/train/0011_000668.wav,53600,
148,0011/Happy/evaluation/0011_000704.wav,53568,
149,0011/Surprise/train/0011_001529.wav,53536,
150,0011/Surprise/train/0011_001454.wav,53504,
151,0011/Surprise/train/0011_001676.wav,53440,
152,0011/Angry/train/0011_000669.wav,53424,
153,0011/Angry/train/0011_000498.wav,53392,
154,0011/Surprise/test/0011_001434.wav,53360,
155,0011/Sad/train/0011_001151.wav,53360,
156,0011/Sad/train/0011_001228.wav,53280,
157,0011/Angry/train/0011_000623.wav,53088,
158,0011/Sad/evaluation/0011_001068.wav,53088,
159,0011/Surprise/train/0011_001608.wav,53088,
160,0011/Surprise/test/0011_001443.wav,53072,
161,0011/Neutral/train/0011_000297.wav,53056,
162,0011/Surprise/train/0011_001611.wav,53024,
163,0011/Happy/train/0011_000907.wav,52928,
164,0011/Sad/evaluation/0011_001064.wav,52912,
165,0011/Angry/train/0011_000557.wav,52880,
166,0011/Angry/train/0011_000583.wav,52720,
167,0011/Angry/train/0011_000402.wav,52672,
168,0011/Neutral/train/0011_000144.wav,52672,
169,0011/Surprise/train/0011_001617.wav,52656,
170,0011/Surprise/test/0011_001445.wav,52656,
171,0011/Sad/test/0011_001100.wav,52640,
172,0011/Surprise/train/0011_001536.wav,52624,
173,0011/Neutral/train/0011_000340.wav,52544,
174,0011/Sad/train/0011_001174.wav,52480,
175,0011/Sad/train/0011_001150.wav,52480,
176,0011/Neutral/train/0011_000159.wav,52416,
177,0011/Angry/train/0011_000479.wav,52416,
178,0011/Angry/test/0011_000393.wav,52368,
179,0011/Neutral/train/0011_000258.wav,52352,
180,0011/Angry/train/0011_000647.wav,52320,
181,0011/Surprise/train/0011_001572.wav,52320,
182,0011/Neutral/train/0011_000272.wav,52320,
183,0011/Sad/test/0011_001098.wav,52304,
184,0011/Neutral/train/0011_000306.wav,52288,
185,0011/Surprise/train/0011_001673.wav,52208,
186,0011/Sad/train/0011_001360.wav,52160,
187,0011/Sad/train/0011_001276.wav,52064,
188,0011/Neutral/test/0011_000045.wav,52048,
189,0011/Sad/train/0011_001105.wav,52016,
190,0011/Sad/train/0011_001153.wav,52000,
191,0011/Sad/train/0011_001247.wav,51968,
192,0011/Neutral/train/0011_000305.wav,51936,
193,0011/Surprise/train/0011_001734.wav,51920,
194,0011/Surprise/train/0011_001615.wav,51888,
195,0011/Happy/train/0011_000886.wav,51872,
196,0011/Sad/train/0011_001260.wav,51856,
197,0011/Angry/train/0011_000578.wav,51744,
198,0011/Happy/train/0011_000910.wav,51632,
199,0011/Angry/train/0011_000684.wav,51616,
200,0011/Neutral/evaluation/0011_000004.wav,51584,
201,0011/Neutral/train/0011_000052.wav,51552,
202,0011/Surprise/test/0011_001432.wav,51552,
203,0011/Sad/train/0011_001323.wav,51520,
204,0011/Neutral/train/0011_000310.wav,51504,
205,0011/Angry/test/0011_000384.wav,51456,
206,0011/Sad/train/0011_001147.wav,51456,
207,0011/Neutral/train/0011_000129.wav,51424,
208,0011/Sad/train/0011_001322.wav,51360,
209,0011/Angry/train/0011_000659.wav,51328,
210,0011/Surprise/train/0011_001497.wav,51248,
211,0011/Sad/train/0011_001297.wav,51200,
212,0011/Surprise/train/0011_001510.wav,51200,
213,0011/Surprise/train/0011_001524.wav,51200,
214,0011/Sad/train/0011_001186.wav,51200,
215,0011/Neutral/train/0011_000315.wav,51168,
216,0011/Happy/evaluation/0011_000702.wav,51168,
217,0011/Happy/train/0011_001040.wav,51152,
218,0011/Surprise/train/0011_001471.wav,51152,
219,0011/Neutral/train/0011_000197.wav,51008,
220,0011/Neutral/evaluation/0011_000016.wav,50944,
221,0011/Happy/train/0011_000942.wav,50912,
222,0011/Surprise/train/0011_001597.wav,50896,
223,0011/Neutral/test/0011_000034.wav,50784,
224,0011/Angry/train/0011_000464.wav,50752,
225,0011/Surprise/train/0011_001685.wav,50720,
226,0011/Surprise/train/0011_001738.wav,50720,
227,0011/Surprise/train/0011_001710.wav,50704,
228,0011/Angry/train/0011_000602.wav,50688,
229,0011/Surprise/train/0011_001578.wav,50656,
230,0011/Surprise/train/0011_001697.wav,50608,
231,0011/Happy/train/0011_000803.wav,50560,
232,0011/Sad/train/0011_001261.wav,50560,
233,0011/Sad/train/0011_001335.wav,50464,
234,0011/Sad/train/0011_001104.wav,50432,
235,0011/Surprise/train/0011_001709.wav,50432,
236,0011/Surprise/train/0011_001631.wav,50432,
237,0011/Happy/train/0011_000972.wav,50400,
238,0011/Sad/train/0011_001334.wav,50400,
239,0011/Sad/train/0011_001194.wav,50400,
240,0011/Surprise/evaluation/0011_001402.wav,50400,
241,0011/Surprise/test/0011_001450.wav,50400,
242,0011/Sad/train/0011_001131.wav,50384,
243,0011/Angry/train/0011_000453.wav,50384,
244,0011/Surprise/train/0011_001619.wav,50352,
245,0011/Surprise/train/0011_001626.wav,50304,
246,0011/Neutral/train/0011_000242.wav,50288,
247,0011/Angry/train/0011_000665.wav,50224,
248,0011/Neutral/train/0011_000124.wav,50160,
249,0011/Neutral/train/0011_000309.wav,50112,
250,0011/Sad/train/0011_001381.wav,50080,
251,0011/Sad/test/0011_001085.wav,50000,
252,0011/Surprise/train/0011_001525.wav,49952,
253,0011/Sad/train/0011_001160.wav,49952,
254,0011/Sad/train/0011_001215.wav,49952,
255,0011/Angry/train/0011_000610.wav,49920,
256,0011/Surprise/train/0011_001679.wav,49856,
257,0011/Happy/train/0011_000829.wav,49840,
258,0011/Surprise/train/0011_001482.wav,49808,
259,0011/Neutral/train/0011_000247.wav,49792,
260,0011/Angry/train/0011_000475.wav,49776,
261,0011/Surprise/train/0011_001586.wav,49776,
262,0011/Neutral/train/0011_000136.wav,49760,
263,0011/Happy/train/0011_000844.wav,49760,
264,0011/Sad/train/0011_001258.wav,49760,
265,0011/Happy/train/0011_000855.wav,49744,
266,0011/Angry/train/0011_000409.wav,49648,
267,0011/Neutral/test/0011_000032.wav,49632,
268,0011/Surprise/train/0011_001593.wav,49632,
269,0011/Surprise/test/0011_001435.wav,49616,
270,0011/Sad/train/0011_001197.wav,49616,
271,0011/Happy/train/0011_000752.wav,49584,
272,0011/Surprise/train/0011_001633.wav,49568,
273,0011/Neutral/train/0011_000186.wav,49552,
274,0011/Happy/train/0011_000973.wav,49520,
275,0011/Neutral/train/0011_000163.wav,49472,
276,0011/Sad/train/0011_001398.wav,49440,
277,0011/Angry/train/0011_000656.wav,49440,
278,0011/Neutral/train/0011_000097.wav,49424,
279,0011/Neutral/train/0011_000319.wav,49408,
280,0011/Surprise/test/0011_001429.wav,49408,
281,0011/Sad/evaluation/0011_001061.wav,49408,
282,0011/Happy/test/0011_000750.wav,49376,
283,0011/Neutral/train/0011_000155.wav,49360,
284,0011/Surprise/train/0011_001671.wav,49312,
285,0011/Sad/train/0011_001365.wav,49312,
286,0011/Sad/test/0011_001079.wav,49280,
287,0011/Angry/train/0011_000688.wav,49280,
288,0011/Surprise/train/0011_001575.wav,49200,
289,0011/Surprise/evaluation/0011_001416.wav,49168,
290,0011/Surprise/train/0011_001660.wav,49152,
291,0011/Surprise/train/0011_001540.wav,49136,
292,0011/Sad/train/0011_001213.wav,49120,
293,0011/Neutral/train/0011_000293.wav,49104,
294,0011/Happy/test/0011_000743.wav,49088,
295,0011/Sad/train/0011_001129.wav,49088,
296,0011/Neutral/test/0011_000043.wav,49072,
297,0011/Sad/train/0011_001135.wav,49072,
298,0011/Angry/train/0011_000425.wav,49040,
299,0011/Sad/train/0011_001332.wav,49024,
300,0011/Sad/train/0011_001309.wav,48992,
301,0011/Surprise/train/0011_001563.wav,48992,
302,0011/Happy/train/0011_001019.wav,48960,
303,0011/Neutral/train/0011_000208.wav,48960,
304,0011/Surprise/train/0011_001635.wav,48960,
305,0011/Surprise/train/0011_001598.wav,48960,
306,0011/Angry/train/0011_000629.wav,48944,
307,0011/Surprise/train/0011_001628.wav,48944,
308,0011/Happy/train/0011_000863.wav,48912,
309,0011/Surprise/train/0011_001500.wav,48912,
310,0011/Surprise/train/0011_001718.wav,48912,
311,0011/Happy/train/0011_000933.wav,48896,
312,0011/Neutral/train/0011_000196.wav,48896,
313,0011/Surprise/train/0011_001560.wav,48864,
314,0011/Sad/train/0011_001205.wav,48864,
315,0011/Happy/train/0011_001010.wav,48816,
316,0011/Surprise/train/0011_001519.wav,48768,
317,0011/Surprise/train/0011_001514.wav,48752,
318,0011/Neutral/train/0011_000185.wav,48752,
319,0011/Sad/test/0011_001096.wav,48688,
320,0011/Sad/train/0011_001263.wav,48640,
321,0011/Sad/train/0011_001224.wav,48640,
322,0011/Surprise/test/0011_001448.wav,48592,
323,0011/Neutral/train/0011_000168.wav,48592,
324,0011/Sad/test/0011_001082.wav,48576,
325,0011/Surprise/train/0011_001528.wav,48560,
326,0011/Sad/train/0011_001111.wav,48544,
327,0011/Sad/train/0011_001157.wav,48544,
328,0011/Happy/train/0011_000878.wav,48496,
329,0011/Angry/test/0011_000385.wav,48464,
330,0011/Sad/train/0011_001235.wav,48432,
331,0011/Angry/train/0011_000432.wav,48384,
332,0011/Happy/train/0011_000960.wav,48384,
333,0011/Angry/train/0011_000585.wav,48368,
334,0011/Angry/train/0011_000635.wav,48352,
335,0011/Surprise/train/0011_001707.wav,48320,
336,0011/Sad/train/0011_001113.wav,48304,
337,0011/Angry/train/0011_000494.wav,48304,
338,0011/Angry/test/0011_000379.wav,48272,
339,0011/Happy/train/0011_001015.wav,48272,
340,0011/Surprise/train/0011_001565.wav,48256,
341,0011/Angry/train/0011_000607.wav,48240,
342,0011/Surprise/train/0011_001470.wav,48224,
343,0011/Happy/train/0011_001005.wav,48224,
344,0011/Surprise/evaluation/0011_001409.wav,48208,
345,0011/Neutral/evaluation/0011_000006.wav,48192,
346,0011/Happy/train/0011_000993.wav,48176,
347,0011/Happy/train/0011_000848.wav,48160,
348,0011/Sad/train/0011_001356.wav,48160,
349,0011/Neutral/train/0011_000318.wav,48160,
350,0011/Sad/evaluation/0011_001054.wav,48160,
351,0011/Neutral/train/0011_000226.wav,48160,
352,0011/Happy/train/0011_000997.wav,48128,
353,0011/Happy/train/0011_000875.wav,48128,
354,0011/Surprise/train/0011_001543.wav,48112,
355,0011/Surprise/train/0011_001555.wav,48096,
356,0011/Surprise/train/0011_001610.wav,48064,
357,0011/Surprise/train/0011_001571.wav,48032,
358,0011/Sad/train/0011_001152.wav,48000,
359,0011/Happy/train/0011_000928.wav,48000,
360,0011/Happy/train/0011_000897.wav,48000,
361,0011/Happy/train/0011_000771.wav,47984,
362,0011/Surprise/train/0011_001658.wav,47968,
363,0011/Surprise/train/0011_001580.wav,47968,
364,0011/Happy/train/0011_001018.wav,47952,
365,0011/Neutral/train/0011_000210.wav,47936,
366,0011/Sad/train/0011_001259.wav,47856,
367,0011/Angry/train/0011_000626.wav,47856,
368,0011/Surprise/test/0011_001421.wav,47840,
369,0011/Neutral/train/0011_000261.wav,47840,
370,0011/Angry/train/0011_000548.wav,47840,
371,0011/Angry/train/0011_000558.wav,47840,
372,0011/Angry/test/0011_000372.wav,47840,
373,0011/Sad/train/0011_001170.wav,47840,
374,0011/Neutral/train/0011_000284.wav,47840,
375,0011/Happy/train/0011_001008.wav,47808,
376,0011/Angry/train/0011_000597.wav,47792,
377,0011/Sad/train/0011_001285.wav,47792,
378,0011/Neutral/train/0011_000348.wav,47776,
379,0011/Surprise/train/0011_001684.wav,47776,
380,0011/Surprise/train/0011_001585.wav,47776,
381,0011/Sad/train/0011_001101.wav,47712,
382,0011/Sad/evaluation/0011_001059.wav,47680,
383,0011/Sad/train/0011_001214.wav,47680,
384,0011/Happy/test/0011_000745.wav,47680,
385,0011/Angry/train/0011_000559.wav,47664,
386,0011/Sad/train/0011_001317.wav,47648,
387,0011/Neutral/train/0011_000228.wav,47552,
388,0011/Neutral/evaluation/0011_000014.wav,47552,
389,0011/Happy/train/0011_000926.wav,47520,
390,0011/Angry/train/0011_000560.wav,47472,
391,0011/Sad/train/0011_001132.wav,47472,
392,0011/Surprise/train/0011_001657.wav,47471,
393,0011/Surprise/train/0011_001667.wav,47456,
394,0011/Happy/train/0011_000913.wav,47440,
395,0011/Surprise/train/0011_001713.wav,47408,
396,0011/Happy/train/0011_000900.wav,47360,
397,0011/Sad/train/0011_001108.wav,47344,
398,0011/Sad/train/0011_001209.wav,47328,
399,0011/Neutral/train/0011_000285.wav,47328,
400,0011/Angry/train/0011_000528.wav,47328,
401,0011/Surprise/train/0011_001494.wav,47296,
402,0011/Surprise/train/0011_001559.wav,47280,
403,0011/Sad/train/0011_001278.wav,47280,
404,0011/Sad/train/0011_001145.wav,47280,
405,0011/Neutral/train/0011_000334.wav,47216,
406,0011/Neutral/train/0011_000279.wav,47216,
407,0011/Sad/evaluation/0011_001051.wav,47200,
408,0011/Angry/train/0011_000525.wav,47184,
409,0011/Angry/train/0011_000486.wav,47168,
410,0011/Surprise/train/0011_001564.wav,47136,
411,0011/Angry/train/0011_000413.wav,47136,
412,0011/Neutral/train/0011_000063.wav,47120,
413,0011/Neutral/train/0011_000147.wav,47088,
414,0011/Surprise/train/0011_001748.wav,47040,
415,0011/Surprise/train/0011_001675.wav,47040,
416,0011/Happy/train/0011_000935.wav,47008,
417,0011/Surprise/train/0011_001625.wav,47008,
418,0011/Neutral/train/0011_000114.wav,46944,
419,0011/Neutral/train/0011_000259.wav,46928,
420,0011/Neutral/train/0011_000171.wav,46896,
421,0011/Angry/test/0011_000382.wav,46880,
422,0011/Angry/train/0011_000536.wav,46880,
423,0011/Happy/train/0011_000824.wav,46880,
424,0011/Surprise/train/0011_001689.wav,46864,
425,0011/Surprise/evaluation/0011_001407.wav,46864,
426,0011/Surprise/train/0011_001456.wav,46832,
427,0011/Surprise/train/0011_001479.wav,46832,
428,0011/Sad/train/0011_001283.wav,46816,
429,0011/Neutral/train/0011_000260.wav,46784,
430,0011/Happy/evaluation/0011_000716.wav,46768,
431,0011/Happy/train/0011_000814.wav,46768,
432,0011/Happy/train/0011_001048.wav,46768,
433,0011/Happy/train/0011_000775.wav,46752,
434,0011/Angry/train/0011_000547.wav,46752,
435,0011/Sad/train/0011_001308.wav,46720,
436,0011/Angry/train/0011_000608.wav,46688,
437,0011/Surprise/train/0011_001566.wav,46688,
438,0011/Neutral/test/0011_000029.wav,46608,
439,0011/Happy/train/0011_001034.wav,46608,
440,0011/Happy/train/0011_000754.wav,46592,
441,0011/Surprise/train/0011_001648.wav,46560,
442,0011/Sad/train/0011_001193.wav,46528,
443,0011/Surprise/evaluation/0011_001406.wav,46512,
444,0011/Happy/train/0011_000859.wav,46448,
445,0011/Happy/test/0011_000735.wav,46448,
446,0011/Angry/train/0011_000497.wav,46416,
447,0011/Sad/train/0011_001144.wav,46400,
448,0011/Happy/train/0011_000961.wav,46400,
449,0011/Happy/train/0011_000947.wav,46400,
450,0011/Surprise/train/0011_001562.wav,46400,
451,0011/Sad/train/0011_001210.wav,46400,
452,0011/Happy/train/0011_000811.wav,46400,
453,0011/Sad/test/0011_001071.wav,46384,
454,0011/Happy/train/0011_000985.wav,46368,
455,0011/Neutral/train/0011_000056.wav,46368,
456,0011/Surprise/train/0011_001539.wav,46304,
457,0011/Sad/train/0011_001289.wav,46288,
458,0011/Angry/train/0011_000535.wav,46288,
459,0011/Neutral/train/0011_000283.wav,46256,
460,0011/Surprise/train/0011_001741.wav,46224,
461,0011/Happy/test/0011_000734.wav,46224,
462,0011/Surprise/train/0011_001507.wav,46192,
463,0011/Neutral/train/0011_000214.wav,46176,
464,0011/Happy/train/0011_000810.wav,46144,
465,0011/Surprise/train/0011_001656.wav,46128,
466,0011/Surprise/test/0011_001423.wav,46112,
467,0011/Angry/train/0011_000457.wav,46112,
468,0011/Sad/train/0011_001221.wav,46096,
469,0011/Surprise/train/0011_001662.wav,46080,
470,0011/Sad/train/0011_001248.wav,46080,
471,0011/Angry/test/0011_000388.wav,46048,
472,0011/Neutral/train/0011_000094.wav,46032,
473,0011/Surprise/train/0011_001599.wav,46000,
474,0011/Happy/train/0011_000797.wav,45968,
475,0011/Sad/train/0011_001225.wav,45936,
476,0011/Neutral/test/0011_000038.wav,45920,
477,0011/Angry/train/0011_000613.wav,45920,
478,0011/Happy/train/0011_000958.wav,45888,
479,0011/Happy/train/0011_000785.wav,45888,
480,0011/Angry/train/0011_000589.wav,45872,
481,0011/Angry/train/0011_000634.wav,45856,
482,0011/Angry/evaluation/0011_000352.wav,45856,
483,0011/Sad/train/0011_001329.wav,45856,
484,0011/Neutral/train/0011_000209.wav,45792,
485,0011/Neutral/train/0011_000085.wav,45728,
486,0011/Surprise/train/0011_001601.wav,45680,
487,0011/Surprise/test/0011_001444.wav,45664,
488,0011/Surprise/train/0011_001731.wav,45648,
489,0011/Neutral/test/0011_000035.wav,45632,
490,0011/Neutral/train/0011_000256.wav,45616,
491,0011/Sad/train/0011_001370.wav,45600,
492,0011/Surprise/train/0011_001511.wav,45600,
493,0011/Sad/train/0011_001357.wav,45600,
494,0011/Angry/train/0011_000521.wav,45584,
495,0011/Sad/train/0011_001375.wav,45584,
496,0011/Surprise/train/0011_001491.wav,45568,
497,0011/Surprise/train/0011_001682.wav,45568,
498,0011/Sad/train/0011_001155.wav,45568,
499,0011/Neutral/train/0011_000132.wav,45536,
500,0011/Surprise/train/0011_001462.wav,45520,
501,0011/Angry/train/0011_000522.wav,45520,
502,0011/Neutral/train/0011_000320.wav,45504,
503,0011/Sad/test/0011_001099.wav,45488,
504,0011/Sad/train/0011_001339.wav,45472,
505,0011/Neutral/train/0011_000164.wav,45456,
506,0011/Angry/train/0011_000611.wav,45440,
507,0011/Surprise/train/0011_001550.wav,45440,
508,0011/Sad/train/0011_001161.wav,45440,
509,0011/Sad/train/0011_001175.wav,45392,
510,0011/Happy/train/0011_000885.wav,45376,
511,0011/Surprise/train/0011_001485.wav,45360,
512,0011/Neutral/train/0011_000267.wav,45328,
513,0011/Happy/train/0011_000939.wav,45296,
514,0011/Happy/train/0011_000782.wav,45280,
515,0011/Happy/train/0011_000788.wav,45280,
516,0011/Happy/train/0011_001009.wav,45264,
517,0011/Sad/evaluation/0011_001056.wav,45248,
518,0011/Angry/train/0011_000667.wav,45248,
519,0011/Happy/train/0011_000847.wav,45216,
520,0011/Surprise/train/0011_001501.wav,45184,
521,0011/Angry/test/0011_000396.wav,45152,
522,0011/Angry/train/0011_000554.wav,45120,
523,0011/Surprise/test/0011_001438.wav,45104,
524,0011/Surprise/train/0011_001574.wav,45072,
525,0011/Surprise/train/0011_001533.wav,44992,
526,0011/Angry/train/0011_000493.wav,44976,
527,0011/Surprise/train/0011_001668.wav,44976,
528,0011/Surprise/train/0011_001463.wav,44960,
529,0011/Angry/train/0011_000681.wav,44960,
530,0011/Surprise/train/0011_001609.wav,44960,
531,0011/Angry/evaluation/0011_000359.wav,44944,
532,0011/Happy/train/0011_000781.wav,44944,
533,0011/Surprise/train/0011_001458.wav,44928,
534,0011/Surprise/train/0011_001534.wav,44912,
535,0011/Angry/train/0011_000697.wav,44912,
536,0011/Sad/train/0011_001163.wav,44896,
537,0011/Happy/train/0011_001006.wav,44880,
538,0011/Surprise/train/0011_001502.wav,44864,
539,0011/Surprise/train/0011_001455.wav,44864,
540,0011/Angry/train/0011_000406.wav,44832,
541,0011/Angry/evaluation/0011_000370.wav,44816,
542,0011/Happy/train/0011_000865.wav,44800,
543,0011/Neutral/train/0011_000082.wav,44800,
544,0011/Angry/train/0011_000461.wav,44768,
545,0011/Neutral/evaluation/0011_000002.wav,44736,
546,0011/Surprise/train/0011_001730.wav,44736,
547,0011/Surprise/train/0011_001600.wav,44704,
548,0011/Surprise/evaluation/0011_001414.wav,44688,
549,0011/Sad/train/0011_001218.wav,44672,
550,0011/Surprise/evaluation/0011_001401.wav,44672,
551,0011/Angry/train/0011_000509.wav,44640,
552,0011/Sad/evaluation/0011_001070.wav,44640,
553,0011/Angry/train/0011_000490.wav,44640,
554,0011/Surprise/test/0011_001433.wav,44624,
555,0011/Angry/train/0011_000435.wav,44624,
556,0011/Neutral/train/0011_000337.wav,44608,
557,0011/Neutral/train/0011_000338.wav,44608,
558,0011/Sad/train/0011_001246.wav,44592,
559,0011/Angry/train/0011_000450.wav,44576,
560,0011/Happy/train/0011_000908.wav,44512,
561,0011/Sad/train/0011_001249.wav,44512,
562,0011/Angry/train/0011_000512.wav,44480,
563,0011/Surprise/evaluation/0011_001411.wav,44480,
564,0011/Angry/test/0011_000398.wav,44480,
565,0011/Neutral/train/0011_000062.wav,44480,
566,0011/Surprise/train/0011_001639.wav,44416,
567,0011/Surprise/evaluation/0011_001412.wav,44416,
568,0011/Angry/train/0011_000571.wav,44352,
569,0011/Sad/test/0011_001094.wav,44336,
570,0011/Surprise/train/0011_001618.wav,44304,
571,0011/Surprise/train/0011_001495.wav,44288,
572,0011/Surprise/train/0011_001584.wav,44256,
573,0011/Sad/evaluation/0011_001065.wav,44256,
574,0011/Surprise/train/0011_001569.wav,44256,
575,0011/Angry/train/0011_000641.wav,44240,
576,0011/Neutral/train/0011_000317.wav,44240,
577,0011/Happy/train/0011_000871.wav,44240,
578,0011/Angry/train/0011_000474.wav,44224,
579,0011/Happy/train/0011_000808.wav,44224,
580,0011/Sad/train/0011_001254.wav,44208,
581,0011/Happy/train/0011_000963.wav,44192,
582,0011/Surprise/train/0011_001461.wav,44176,
583,0011/Surprise/train/0011_001582.wav,44176,
584,0011/Neutral/train/0011_000120.wav,44160,
585,0011/Happy/train/0011_000909.wav,44160,
586,0011/Angry/train/0011_000505.wav,44144,
587,0011/Happy/train/0011_000967.wav,44144,
588,0011/Surprise/train/0011_001547.wav,44128,
589,0011/Neutral/train/0011_000113.wav,44128,
590,0011/Angry/train/0011_000431.wav,44128,
591,0011/Happy/test/0011_000738.wav,44096,
592,0011/Sad/train/0011_001229.wav,44096,
593,0011/Sad/train/0011_001267.wav,44096,
594,0011/Surprise/test/0011_001439.wav,44096,
595,0011/Happy/train/0011_000800.wav,44096,
596,0011/Angry/train/0011_000662.wav,44096,
597,0011/Sad/train/0011_001112.wav,44064,
598,0011/Happy/train/0011_000901.wav,44048,
599,0011/Happy/train/0011_000979.wav,44048,
600,0011/Neutral/train/0011_000282.wav,44032,
601,0011/Sad/train/0011_001321.wav,44016,
602,0011/Happy/train/0011_000840.wav,44000,
603,0011/Sad/train/0011_001300.wav,44000,
604,0011/Surprise/train/0011_001513.wav,44000,
605,0011/Sad/train/0011_001181.wav,44000,
606,0011/Sad/train/0011_001190.wav,44000,
607,0011/Neutral/train/0011_000110.wav,43984,
608,0011/Neutral/train/0011_000213.wav,43952,
609,0011/Surprise/train/0011_001663.wav,43952,
610,0011/Angry/train/0011_000463.wav,43920,
611,0011/Surprise/train/0011_001481.wav,43920,
612,0011/Sad/train/0011_001165.wav,43888,
613,0011/Happy/test/0011_000748.wav,43888,
614,0011/Neutral/train/0011_000331.wav,43888,
615,0011/Sad/train/0011_001307.wav,43872,
616,0011/Angry/train/0011_000458.wav,43840,
617,0011/Angry/evaluation/0011_000364.wav,43840,
618,0011/Neutral/train/0011_000199.wav,43808,
619,0011/Happy/train/0011_000984.wav,43808,
620,0011/Angry/train/0011_000405.wav,43776,
621,0011/Angry/train/0011_000639.wav,43744,
622,0011/Surprise/train/0011_001614.wav,43728,
623,0011/Angry/train/0011_000551.wav,43712,
624,0011/Happy/train/0011_000898.wav,43696,
625,0011/Neutral/train/0011_000058.wav,43680,
626,0011/Surprise/train/0011_001512.wav,43680,
627,0011/Happy/train/0011_000794.wav,43664,
628,0011/Surprise/train/0011_001515.wav,43664,
629,0011/Happy/train/0011_000807.wav,43648,
630,0011/Neutral/evaluation/0011_000009.wav,43648,
631,0011/Sad/train/0011_001388.wav,43648,
632,0011/Sad/train/0011_001251.wav,43632,
633,0011/Happy/train/0011_000839.wav,43616,
634,0011/Neutral/train/0011_000128.wav,43616,
635,0011/Happy/train/0011_000825.wav,43616,
636,0011/Angry/train/0011_000401.wav,43584,
637,0011/Surprise/train/0011_001506.wav,43520,
638,0011/Sad/train/0011_001287.wav,43520,
639,0011/Sad/train/0011_001234.wav,43504,
640,0011/Neutral/train/0011_000061.wav,43488,
641,0011/Angry/test/0011_000394.wav,43488,
642,0011/Sad/train/0011_001171.wav,43488,
643,0011/Surprise/train/0011_001531.wav,43472,
644,0011/Surprise/train/0011_001474.wav,43472,
645,0011/Angry/train/0011_000513.wav,43424,
646,0011/Sad/train/0011_001250.wav,43424,
647,0011/Angry/train/0011_000625.wav,43424,
648,0011/Surprise/train/0011_001742.wav,43408,
649,0011/Surprise/train/0011_001596.wav,43392,
650,0011/Surprise/train/0011_001695.wav,43376,
651,0011/Surprise/train/0011_001521.wav,43376,
652,0011/Happy/train/0011_001031.wav,43376,
653,0011/Angry/train/0011_000514.wav,43376,
654,0011/Angry/train/0011_000698.wav,43360,
655,0011/Sad/train/0011_001368.wav,43360,
656,0011/Neutral/train/0011_000107.wav,43328,
657,0011/Neutral/train/0011_000239.wav,43296,
658,0011/Neutral/test/0011_000048.wav,43280,
659,0011/Surprise/train/0011_001744.wav,43280,
660,0011/Sad/train/0011_001367.wav,43264,
661,0011/Angry/train/0011_000633.wav,43264,
662,0011/Sad/train/0011_001269.wav,43248,
663,0011/Neutral/train/0011_000289.wav,43232,
664,0011/Happy/evaluation/0011_000711.wav,43232,
665,0011/Happy/train/0011_000756.wav,43216,
666,0011/Neutral/train/0011_000174.wav,43216,
667,0011/Sad/train/0011_001166.wav,43200,
668,0011/Happy/evaluation/0011_000720.wav,43200,
669,0011/Angry/train/0011_000550.wav,43200,
670,0011/Neutral/train/0011_000140.wav,43200,
671,0011/Surprise/train/0011_001516.wav,43200,
672,0011/Angry/train/0011_000447.wav,43184,
673,0011/Neutral/test/0011_000021.wav,43184,
674,0011/Neutral/train/0011_000055.wav,43168,
675,0011/Neutral/train/0011_000165.wav,43168,
676,0011/Surprise/train/0011_001508.wav,43152,
677,0011/Sad/train/0011_001320.wav,43136,
678,0011/Surprise/train/0011_001737.wav,43120,
679,0011/Surprise/test/0011_001446.wav,43120,
680,0011/Happy/test/0011_000729.wav,43104,
681,0011/Angry/train/0011_000670.wav,43088,
682,0011/Neutral/train/0011_000122.wav,43088,
683,0011/Surprise/train/0011_001535.wav,43072,
684,0011/Happy/train/0011_000802.wav,43072,
685,0011/Sad/train/0011_001117.wav,43056,
686,0011/Angry/train/0011_000518.wav,43056,
687,0011/Surprise/train/0011_001717.wav,43040,
688,0011/Sad/train/0011_001363.wav,43008,
689,0011/Happy/train/0011_000918.wav,42992,
690,0011/Sad/train/0011_001141.wav,42976,
691,0011/Happy/train/0011_000917.wav,42960,
692,0011/Surprise/train/0011_001720.wav,42928,
693,0011/Sad/train/0011_001391.wav,42912,
694,0011/Happy/train/0011_000860.wav,42880,
695,0011/Sad/train/0011_001380.wav,42880,
696,0011/Happy/train/0011_001020.wav,42848,
697,0011/Surprise/train/0011_001465.wav,42848,
698,0011/Happy/train/0011_000899.wav,42832,
699,0011/Angry/train/0011_000575.wav,42816,
700,0011/Surprise/train/0011_001670.wav,42800,
701,0011/Surprise/train/0011_001579.wav,42784,
702,0011/Sad/test/0011_001075.wav,42784,
703,0011/Angry/evaluation/0011_000356.wav,42768,
704,0011/Surprise/train/0011_001733.wav,42752,
705,0011/Neutral/train/0011_000108.wav,42752,
706,0011/Surprise/train/0011_001659.wav,42736,
707,0011/Sad/train/0011_001268.wav,42720,
708,0011/Angry/evaluation/0011_000366.wav,42720,
709,0011/Angry/train/0011_000581.wav,42720,
710,0011/Neutral/evaluation/0011_000015.wav,42720,
711,0011/Sad/train/0011_001264.wav,42720,
712,0011/Neutral/train/0011_000179.wav,42704,
713,0011/Sad/train/0011_001158.wav,42704,
714,0011/Surprise/train/0011_001736.wav,42608,
715,0011/Sad/train/0011_001189.wav,42608,
716,0011/Sad/test/0011_001077.wav,42576,
717,0011/Surprise/train/0011_001475.wav,42576,
718,0011/Neutral/train/0011_000276.wav,42560,
719,0011/Sad/train/0011_001124.wav,42560,
720,0011/Angry/train/0011_000452.wav,42560,
721,0011/Sad/train/0011_001306.wav,42560,
722,0011/Neutral/train/0011_000131.wav,42560,
723,0011/Angry/train/0011_000657.wav,42512,
724,0011/Happy/train/0011_001047.wav,42512,
725,0011/Neutral/train/0011_000125.wav,42496,
726,0011/Neutral/train/0011_000081.wav,42496,
727,0011/Angry/train/0011_000515.wav,42480,
728,0011/Sad/train/0011_001397.wav,42480,
729,0011/Happy/train/0011_001013.wav,42480,
730,0011/Happy/test/0011_000732.wav,42432,
731,0011/Angry/train/0011_000483.wav,42416,
732,0011/Sad/train/0011_001232.wav,42400,
733,0011/Sad/train/0011_001183.wav,42400,
734,0011/Happy/train/0011_000828.wav,42400,
735,0011/Surprise/train/0011_001652.wav,42400,
736,0011/Angry/train/0011_000543.wav,42368,
737,0011/Angry/train/0011_000529.wav,42352,
738,0011/Sad/train/0011_001333.wav,42320,
739,0011/Happy/test/0011_000739.wav,42304,
740,0011/Happy/test/0011_000725.wav,42288,
741,0011/Happy/train/0011_000833.wav,42288,
742,0011/Sad/train/0011_001313.wav,42256,
743,0011/Neutral/train/0011_000119.wav,42240,
744,0011/Happy/evaluation/0011_000709.wav,42240,
745,0011/Sad/evaluation/0011_001062.wav,42240,
746,0011/Happy/train/0011_001017.wav,42240,
747,0011/Neutral/train/0011_000175.wav,42208,
748,0011/Neutral/train/0011_000313.wav,42176,
749,0011/Angry/evaluation/0011_000361.wav,42160,
750,0011/Surprise/train/0011_001704.wav,42128,
751,0011/Happy/train/0011_000976.wav,42096,
752,0011/Sad/train/0011_001178.wav,42080,
753,0011/Sad/train/0011_001394.wav,42080,
754,0011/Surprise/train/0011_001552.wav,42080,
755,0011/Sad/train/0011_001326.wav,42080,
756,0011/Angry/train/0011_000600.wav,42080,
757,0011/Sad/train/0011_001120.wav,42064,
758,0011/Angry/train/0011_000532.wav,42048,
759,0011/Happy/test/0011_000723.wav,42048,
760,0011/Happy/train/0011_001041.wav,42032,
761,0011/Angry/train/0011_000481.wav,42032,
762,0011/Neutral/test/0011_000044.wav,42016,
763,0011/Angry/train/0011_000549.wav,42016,
764,0011/Angry/train/0011_000563.wav,42000,
765,0011/Surprise/train/0011_001530.wav,42000,
766,0011/Sad/train/0011_001256.wav,41968,
767,0011/Surprise/test/0011_001426.wav,41968,
768,0011/Angry/train/0011_000569.wav,41968,
769,0011/Happy/test/0011_000746.wav,41952,
770,0011/Neutral/evaluation/0011_000011.wav,41936,
771,0011/Sad/train/0011_001231.wav,41936,
772,0011/Sad/train/0011_001114.wav,41920,
773,0011/Sad/train/0011_001241.wav,41920,
774,0011/Happy/test/0011_000744.wav,41904,
775,0011/Surprise/train/0011_001687.wav,41888,
776,0011/Angry/train/0011_000423.wav,41888,
777,0011/Sad/train/0011_001142.wav,41856,
778,0011/Angry/train/0011_000533.wav,41856,
779,0011/Sad/train/0011_001143.wav,41856,
780,0011/Sad/test/0011_001073.wav,41840,
781,0011/Neutral/train/0011_000235.wav,41840,
782,0011/Surprise/train/0011_001690.wav,41840,
783,0011/Happy/train/0011_000896.wav,41824,
784,0011/Angry/train/0011_000694.wav,41808,
785,0011/Angry/train/0011_000617.wav,41808,
786,0011/Neutral/train/0011_000291.wav,41792,
787,0011/Angry/train/0011_000417.wav,41776,
788,0011/Neutral/train/0011_000070.wav,41776,
789,0011/Happy/train/0011_000763.wav,41760,
790,0011/Happy/evaluation/0011_000714.wav,41760,
791,0011/Neutral/train/0011_000183.wav,41744,
792,0011/Angry/train/0011_000501.wav,41712,
793,0011/Happy/train/0011_000791.wav,41712,
794,0011/Sad/train/0011_001184.wav,41696,
795,0011/Surprise/train/0011_001712.wav,41680,
796,0011/Surprise/train/0011_001541.wav,41648,
797,0011/Neutral/train/0011_000307.wav,41648,
798,0011/Surprise/train/0011_001583.wav,41632,
799,0011/Happy/evaluation/0011_000706.wav,41600,
800,0011/Sad/train/0011_001162.wav,41600,
801,0011/Sad/train/0011_001172.wav,41600,
802,0011/Happy/train/0011_000770.wav,41584,
803,0011/Neutral/train/0011_000101.wav,41584,
804,0011/Surprise/train/0011_001604.wav,41584,
805,0011/Surprise/train/0011_001632.wav,41568,
806,0011/Sad/train/0011_001255.wav,41552,
807,0011/Neutral/train/0011_000102.wav,41536,
808,0011/Angry/train/0011_000675.wav,41536,
809,0011/Surprise/train/0011_001638.wav,41520,
810,0011/Surprise/train/0011_001605.wav,41520,
811,0011/Neutral/train/0011_000201.wav,41520,
812,0011/Sad/train/0011_001123.wav,41472,
813,0011/Neutral/train/0011_000219.wav,41456,
814,0011/Happy/train/0011_000957.wav,41440,
815,0011/Angry/train/0011_000444.wav,41360,
816,0011/Happy/train/0011_000762.wav,41328,
817,0011/Sad/train/0011_001341.wav,41328,
818,0011/Neutral/train/0011_000162.wav,41312,
819,0011/Neutral/train/0011_000143.wav,41312,
820,0011/Sad/train/0011_001216.wav,41312,
821,0011/Happy/train/0011_000813.wav,41296,
822,0011/Sad/test/0011_001074.wav,41296,
823,0011/Neutral/test/0011_000046.wav,41296,
824,0011/Angry/test/0011_000371.wav,41296,
825,0011/Neutral/test/0011_000023.wav,41232,
826,0011/Sad/train/0011_001233.wav,41216,
827,0011/Happy/train/0011_000919.wav,41216,
828,0011/Neutral/train/0011_000095.wav,41184,
829,0011/Happy/train/0011_001044.wav,41136,
830,0011/Neutral/train/0011_000191.wav,41120,
831,0011/Surprise/train/0011_001520.wav,41120,
832,0011/Happy/train/0011_000774.wav,41120,
833,0011/Neutral/test/0011_000033.wav,41088,
834,0011/Surprise/train/0011_001451.wav,41088,
835,0011/Neutral/train/0011_000344.wav,41072,
836,0011/Sad/train/0011_001136.wav,41056,
837,0011/Neutral/train/0011_000092.wav,40992,
838,0011/Neutral/train/0011_000133.wav,40976,
839,0011/Sad/train/0011_001352.wav,40976,
840,0011/Neutral/evaluation/0011_000001.wav,40960,
841,0011/Neutral/train/0011_000250.wav,40960,
842,0011/Happy/test/0011_000724.wav,40960,
843,0011/Angry/train/0011_000408.wav,40928,
844,0011/Angry/train/0011_000700.wav,40928,
845,0011/Happy/train/0011_000764.wav,40912,
846,0011/Sad/train/0011_001275.wav,40896,
847,0011/Happy/train/0011_000970.wav,40880,
848,0011/Angry/train/0011_000531.wav,40864,
849,0011/Angry/train/0011_000451.wav,40832,
850,0011/Angry/train/0011_000632.wav,40832,
851,0011/Sad/train/0011_001134.wav,40832,
852,0011/Sad/train/0011_001133.wav,40832,
853,0011/Sad/train/0011_001177.wav,40832,
854,0011/Happy/train/0011_000971.wav,40800,
855,0011/Angry/train/0011_000456.wav,40800,
856,0011/Angry/train/0011_000471.wav,40800,
857,0011/Angry/test/0011_000375.wav,40784,
858,0011/Surprise/evaluation/0011_001403.wav,40784,
859,0011/Happy/evaluation/0011_000701.wav,40757,
860,0011/Neutral/train/0011_000093.wav,40752,
861,0011/Surprise/train/0011_001645.wav,40720,
862,0011/Happy/test/0011_000721.wav,40720,
863,0011/Happy/train/0011_000843.wav,40704,
864,0011/Sad/train/0011_001219.wav,40688,
865,0011/Angry/test/0011_000391.wav,40688,
866,0011/Sad/train/0011_001273.wav,40672,
867,0011/Neutral/train/0011_000270.wav,40672,
868,0011/Surprise/train/0011_001557.wav,40656,
869,0011/Neutral/train/0011_000181.wav,40656,
870,0011/Surprise/train/0011_001522.wav,40640,
871,0011/Neutral/train/0011_000067.wav,40640,
872,0011/Surprise/train/0011_001691.wav,40640,
873,0011/Sad/train/0011_001212.wav,40640,
874,0011/Neutral/train/0011_000160.wav,40640,
875,0011/Neutral/train/0011_000204.wav,40624,
876,0011/Surprise/test/0011_001436.wav,40624,
877,0011/Angry/train/0011_000567.wav,40560,
878,0011/Neutral/train/0011_000302.wav,40560,
879,0011/Angry/train/0011_000420.wav,40528,
880,0011/Happy/train/0011_000765.wav,40528,
881,0011/Neutral/test/0011_000025.wav,40528,
882,0011/Happy/train/0011_000761.wav,40496,
883,0011/Sad/train/0011_001374.wav,40480,
884,0011/Sad/test/0011_001086.wav,40480,
885,0011/Angry/train/0011_000441.wav,40464,
886,0011/Sad/evaluation/0011_001067.wav,40448,
887,0011/Happy/train/0011_001038.wav,40432,
888,0011/Happy/train/0011_000881.wav,40432,
889,0011/Happy/train/0011_000874.wav,40416,
890,0011/Angry/train/0011_000579.wav,40416,
891,0011/Neutral/train/0011_000121.wav,40400,
892,0011/Neutral/train/0011_000111.wav,40400,
893,0011/Sad/train/0011_001227.wav,40384,
894,0011/Neutral/train/0011_000182.wav,40368,
895,0011/Surprise/train/0011_001546.wav,40368,
896,0011/Sad/train/0011_001337.wav,40352,
897,0011/Neutral/train/0011_000051.wav,40352,
898,0011/Sad/train/0011_001282.wav,40352,
899,0011/Neutral/train/0011_000054.wav,40336,
900,0011/Neutral/train/0011_000139.wav,40336,
901,0011/Sad/train/0011_001378.wav,40320,
902,0011/Neutral/train/0011_000134.wav,40320,
903,0011/Sad/train/0011_001279.wav,40320,
904,0011/Happy/train/0011_000868.wav,40288,
905,0011/Happy/train/0011_000864.wav,40272,
906,0011/Angry/train/0011_000506.wav,40240,
907,0011/Surprise/train/0011_001703.wav,40240,
908,0011/Happy/train/0011_001002.wav,40224,
909,0011/Neutral/train/0011_000324.wav,40192,
910,0011/Surprise/train/0011_001504.wav,40160,
911,0011/Happy/train/0011_000959.wav,40160,
912,0011/Happy/train/0011_000891.wav,40160,
913,0011/Surprise/train/0011_001711.wav,40096,
914,0011/Surprise/evaluation/0011_001418.wav,40096,
915,0011/Surprise/train/0011_001591.wav,40080,
916,0011/Sad/test/0011_001083.wav,40080,
917,0011/Neutral/train/0011_000200.wav,40064,
918,0011/Angry/train/0011_000411.wav,40016,
919,0011/Angry/train/0011_000621.wav,40016,
920,0011/Angry/train/0011_000470.wav,40000,
921,0011/Surprise/train/0011_001694.wav,40000,
922,0011/Happy/train/0011_000956.wav,39984,
923,0011/Happy/train/0011_000832.wav,39984,
924,0011/Angry/train/0011_000564.wav,39952,
925,0011/Sad/train/0011_001169.wav,39952,
926,0011/Angry/train/0011_000606.wav,39936,
927,0011/Surprise/evaluation/0011_001417.wav,39936,
928,0011/Happy/train/0011_000831.wav,39920,
929,0011/Surprise/train/0011_001725.wav,39904,
930,0011/Sad/train/0011_001201.wav,39856,
931,0011/Angry/train/0011_000466.wav,39840,
932,0011/Happy/train/0011_000904.wav,39840,
933,0011/Surprise/evaluation/0011_001420.wav,39840,
934,0011/Angry/train/0011_000524.wav,39824,
935,0011/Angry/train/0011_000412.wav,39824,
936,0011/Surprise/train/0011_001728.wav,39824,
937,0011/Neutral/train/0011_000257.wav,39824,
938,0011/Happy/train/0011_000883.wav,39808,
939,0011/Happy/evaluation/0011_000703.wav,39776,
940,0011/Sad/train/0011_001345.wav,39776,
941,0011/Surprise/train/0011_001499.wav,39776,
942,0011/Angry/train/0011_000645.wav,39776,
943,0011/Surprise/train/0011_001476.wav,39776,
944,0011/Angry/train/0011_000484.wav,39760,
945,0011/Happy/train/0011_000755.wav,39760,
946,0011/Surprise/train/0011_001666.wav,39744,
947,0011/Sad/train/0011_001122.wav,39744,
948,0011/Angry/train/0011_000642.wav,39728,
949,0011/Angry/train/0011_000652.wav,39728,
950,0011/Sad/train/0011_001137.wav,39712,
951,0011/Neutral/train/0011_000275.wav,39696,
952,0011/Angry/train/0011_000404.wav,39696,
953,0011/Sad/train/0011_001386.wav,39680,
954,0011/Sad/train/0011_001196.wav,39680,
955,0011/Happy/train/0011_000889.wav,39680,
956,0011/Happy/train/0011_000915.wav,39680,
957,0011/Angry/train/0011_000445.wav,39664,
958,0011/Happy/train/0011_000914.wav,39664,
959,0011/Sad/test/0011_001089.wav,39648,
960,0011/Neutral/train/0011_000205.wav,39648,
961,0011/Angry/train/0011_000546.wav,39632,
962,0011/Surprise/test/0011_001449.wav,39600,
963,0011/Angry/train/0011_000653.wav,39600,
964,0011/Surprise/test/0011_001424.wav,39600,
965,0011/Neutral/evaluation/0011_000003.wav,39568,
966,0011/Angry/train/0011_000664.wav,39568,
967,0011/Sad/train/0011_001110.wav,39552,
968,0011/Neutral/test/0011_000036.wav,39520,
969,0011/Sad/train/0011_001298.wav,39520,
970,0011/Happy/train/0011_000819.wav,39520,
971,0011/Happy/train/0011_000862.wav,39520,
972,0011/Neutral/train/0011_000116.wav,39504,
973,0011/Neutral/test/0011_000026.wav,39488,
974,0011/Surprise/train/0011_001581.wav,39488,
975,0011/Sad/train/0011_001353.wav,39456,
976,0011/Neutral/train/0011_000146.wav,39456,
977,0011/Angry/train/0011_000429.wav,39440,
978,0011/Angry/test/0011_000374.wav,39440,
979,0011/Happy/train/0011_000773.wav,39408,
980,0011/Surprise/train/0011_001469.wav,39392,
981,0011/Neutral/train/0011_000251.wav,39376,
982,0011/Sad/train/0011_001281.wav,39376,
983,0011/Angry/test/0011_000389.wav,39376,
984,0011/Happy/train/0011_000931.wav,39360,
985,0011/Neutral/train/0011_000232.wav,39360,
986,0011/Sad/train/0011_001354.wav,39360,
987,0011/Neutral/train/0011_000065.wav,39360,
988,0011/Angry/train/0011_000650.wav,39280,
989,0011/Neutral/train/0011_000347.wav,39280,
990,0011/Sad/train/0011_001350.wav,39264,
991,0011/Happy/train/0011_000989.wav,39232,
992,0011/Angry/train/0011_000460.wav,39232,
993,0011/Neutral/evaluation/0011_000020.wav,39232,
994,0011/Angry/train/0011_000422.wav,39200,
995,0011/Sad/train/0011_001115.wav,39168,
996,0011/Surprise/train/0011_001487.wav,39152,
997,0011/Surprise/train/0011_001473.wav,39136,
998,0011/Happy/train/0011_000758.wav,39136,
999,0011/Neutral/train/0011_000166.wav,39056,
1000,0011/Angry/train/0011_000442.wav,39056,
1001,0011/Surprise/train/0011_001650.wav,39040,
1002,0011/Angry/train/0011_000686.wav,39040,
1003,0011/Angry/train/0011_000510.wav,39040,
1004,0011/Angry/train/0011_000651.wav,39008,
1005,0011/Neutral/train/0011_000091.wav,39008,
1006,0011/Happy/train/0011_000882.wav,39008,
1007,0011/Surprise/train/0011_001701.wav,39008,
1008,0011/Angry/train/0011_000582.wav,38992,
1009,0011/Sad/train/0011_001237.wav,38976,
1010,0011/Angry/train/0011_000588.wav,38960,
1011,0011/Neutral/train/0011_000231.wav,38944,
1012,0011/Neutral/train/0011_000263.wav,38944,
1013,0011/Angry/test/0011_000386.wav,38928,
1014,0011/Sad/train/0011_001119.wav,38928,
1015,0011/Angry/train/0011_000661.wav,38896,
1016,0011/Surprise/train/0011_001700.wav,38880,
1017,0011/Neutral/train/0011_000217.wav,38880,
1018,0011/Angry/train/0011_000654.wav,38880,
1019,0011/Angry/train/0011_000469.wav,38880,
1020,0011/Happy/train/0011_000751.wav,38864,
1021,0011/Angry/train/0011_000580.wav,38848,
1022,0011/Surprise/train/0011_001649.wav,38848,
1023,0011/Angry/train/0011_000418.wav,38800,
1024,0011/Happy/train/0011_000815.wav,38784,
1025,0011/Angry/test/0011_000383.wav,38784,
1026,0011/Neutral/train/0011_000300.wav,38768,
1027,0011/Surprise/test/0011_001425.wav,38752,
1028,0011/Happy/train/0011_001007.wav,38752,
1029,0011/Angry/train/0011_000415.wav,38736,
1030,0011/Surprise/train/0011_001620.wav,38720,
1031,0011/Surprise/train/0011_001518.wav,38720,
1032,0011/Happy/train/0011_000879.wav,38720,
1033,0011/Happy/train/0011_000767.wav,38688,
1034,0011/Neutral/train/0011_000115.wav,38688,
1035,0011/Happy/train/0011_000821.wav,38656,
1036,0011/Surprise/evaluation/0011_001415.wav,38656,
1037,0011/Angry/train/0011_000631.wav,38640,
1038,0011/Happy/test/0011_000727.wav,38624,
1039,0011/Angry/train/0011_000489.wav,38624,
1040,0011/Angry/train/0011_000555.wav,38608,
1041,0011/Surprise/train/0011_001624.wav,38608,
1042,0011/Happy/train/0011_000905.wav,38592,
1043,0011/Happy/train/0011_000925.wav,38576,
1044,0011/Happy/train/0011_000834.wav,38576,
1045,0011/Surprise/train/0011_001606.wav,38576,
1046,0011/Happy/train/0011_001050.wav,38560,
1047,0011/Sad/train/0011_001192.wav,38560,
1048,0011/Happy/train/0011_001025.wav,38544,
1049,0011/Sad/train/0011_001245.wav,38528,
1050,0011/Angry/train/0011_000573.wav,38528,
1051,0011/Angry/train/0011_000534.wav,38528,
1052,0011/Surprise/train/0011_001629.wav,38528,
1053,0011/Happy/train/0011_000975.wav,38512,
1054,0011/Surprise/train/0011_001692.wav,38464,
1055,0011/Surprise/train/0011_001567.wav,38464,
1056,0011/Surprise/train/0011_001750.wav,38448,
1057,0011/Happy/train/0011_000932.wav,38432,
1058,0011/Happy/train/0011_000801.wav,38400,
1059,0011/Sad/train/0011_001274.wav,38400,
1060,0011/Angry/train/0011_000691.wav,38384,
1061,0011/Surprise/train/0011_001553.wav,38352,
1062,0011/Surprise/train/0011_001664.wav,38336,
1063,0011/Neutral/evaluation/0011_000017.wav,38272,
1064,0011/Sad/train/0011_001318.wav,38240,
1065,0011/Surprise/train/0011_001558.wav,38240,
1066,0011/Happy/train/0011_000792.wav,38240,
1067,0011/Sad/train/0011_001230.wav,38240,
1068,0011/Surprise/train/0011_001577.wav,38208,
1069,0011/Angry/train/0011_000598.wav,38176,
1070,0011/Neutral/train/0011_000237.wav,38176,
1071,0011/Neutral/train/0011_000271.wav,38160,
1072,0011/Angry/train/0011_000414.wav,38128,
1073,0011/Happy/train/0011_000940.wav,38112,
1074,0011/Surprise/train/0011_001480.wav,38096,
1075,0011/Surprise/train/0011_001542.wav,38080,
1076,0011/Neutral/train/0011_000346.wav,38032,
1077,0011/Sad/train/0011_001361.wav,38032,
1078,0011/Surprise/train/0011_001746.wav,38016,
1079,0011/Neutral/train/0011_000184.wav,38000,
1080,0011/Happy/train/0011_000937.wav,37984,
1081,0011/Sad/train/0011_001207.wav,37968,
1082,0011/Angry/train/0011_000609.wav,37952,
1083,0011/Happy/train/0011_000779.wav,37952,
1084,0011/Neutral/train/0011_000330.wav,37920,
1085,0011/Happy/train/0011_001036.wav,37920,
1086,0011/Angry/train/0011_000674.wav,37920,
1087,0011/Happy/train/0011_000995.wav,37920,
1088,0011/Sad/test/0011_001087.wav,37904,
1089,0011/Surprise/evaluation/0011_001408.wav,37888,
1090,0011/Surprise/train/0011_001594.wav,37872,
1091,0011/Surprise/train/0011_001622.wav,37872,
1092,0011/Neutral/evaluation/0011_000018.wav,37856,
1093,0011/Angry/train/0011_000410.wav,37840,
1094,0011/Surprise/train/0011_001735.wav,37840,
1095,0011/Angry/train/0011_000511.wav,37808,
1096,0011/Surprise/train/0011_001467.wav,37808,
1097,0011/Angry/train/0011_000556.wav,37792,
1098,0011/Angry/train/0011_000541.wav,37776,
1099,0011/Angry/train/0011_000620.wav,37776,
1100,0011/Sad/train/0011_001182.wav,37776,
1101,0011/Surprise/train/0011_001551.wav,37760,
1102,0011/Surprise/train/0011_001623.wav,37760,
1103,0011/Happy/train/0011_000968.wav,37760,
1104,0011/Happy/test/0011_000733.wav,37760,
1105,0011/Sad/train/0011_001223.wav,37728,
1106,0011/Neutral/test/0011_000024.wav,37728,
1107,0011/Angry/train/0011_000519.wav,37712,
1108,0011/Surprise/train/0011_001637.wav,37696,
1109,0011/Happy/train/0011_001000.wav,37680,
1110,0011/Sad/train/0011_001244.wav,37680,
1111,0011/Angry/evaluation/0011_000365.wav,37648,
1112,0011/Sad/train/0011_001265.wav,37632,
1113,0011/Surprise/train/0011_001724.wav,37632,
1114,0011/Neutral/train/0011_000218.wav,37600,
1115,0011/Happy/train/0011_000987.wav,37600,
1116,0011/Sad/train/0011_001168.wav,37600,
1117,0011/Angry/train/0011_000424.wav,37600,
1118,0011/Angry/evaluation/0011_000351.wav,37584,
1119,0011/Neutral/train/0011_000195.wav,37552,
1120,0011/Neutral/train/0011_000252.wav,37552,
1121,0011/Surprise/train/0011_001483.wav,37552,
1122,0011/Angry/train/0011_000480.wav,37536,
1123,0011/Surprise/train/0011_001698.wav,37536,
1124,0011/Angry/train/0011_000692.wav,37536,
1125,0011/Angry/train/0011_000553.wav,37520,
1126,0011/Angry/train/0011_000565.wav,37504,
1127,0011/Happy/train/0011_000793.wav,37488,
1128,0011/Happy/evaluation/0011_000718.wav,37488,
1129,0011/Angry/train/0011_000568.wav,37488,
1130,0011/Happy/train/0011_000948.wav,37456,
1131,0011/Angry/evaluation/0011_000362.wav,37440,
1132,0011/Happy/train/0011_001011.wav,37440,
1133,0011/Neutral/train/0011_000248.wav,37424,
1134,0011/Angry/test/0011_000373.wav,37424,
1135,0011/Happy/evaluation/0011_000705.wav,37360,
1136,0011/Sad/train/0011_001325.wav,37344,
1137,0011/Sad/train/0011_001290.wav,37344,
1138,0011/Angry/train/0011_000427.wav,37312,
1139,0011/Happy/train/0011_000951.wav,37312,
1140,0011/Surprise/train/0011_001621.wav,37312,
1141,0011/Happy/train/0011_000812.wav,37312,
1142,0011/Angry/train/0011_000687.wav,37312,
1143,0011/Angry/train/0011_000552.wav,37280,
1144,0011/Sad/train/0011_001288.wav,37280,
1145,0011/Neutral/train/0011_000336.wav,37280,
1146,0011/Surprise/train/0011_001478.wav,37280,
1147,0011/Surprise/train/0011_001677.wav,37264,
1148,0011/Surprise/train/0011_001505.wav,37248,
1149,0011/Neutral/train/0011_000123.wav,37248,
1150,0011/Neutral/train/0011_000240.wav,37248,
1151,0011/Angry/train/0011_000507.wav,37232,
1152,0011/Happy/test/0011_000736.wav,37216,
1153,0011/Sad/train/0011_001400.wav,37216,
1154,0011/Surprise/train/0011_001641.wav,37200,
1155,0011/Neutral/train/0011_000151.wav,37200,
1156,0011/Happy/train/0011_000962.wav,37200,
1157,0011/Sad/train/0011_001387.wav,37184,
1158,0011/Happy/train/0011_000929.wav,37184,
1159,0011/Neutral/train/0011_000169.wav,37168,
1160,0011/Angry/evaluation/0011_000367.wav,37152,
1161,0011/Surprise/train/0011_001683.wav,37136,
1162,0011/Sad/train/0011_001154.wav,37120,
1163,0011/Neutral/train/0011_000268.wav,37120,
1164,0011/Neutral/train/0011_000180.wav,37120,
1165,0011/Sad/test/0011_001080.wav,37088,
1166,0011/Happy/train/0011_000923.wav,37088,
1167,0011/Sad/train/0011_001156.wav,37088,
1168,0011/Neutral/test/0011_000027.wav,37072,
1169,0011/Surprise/train/0011_001634.wav,37072,
1170,0011/Neutral/train/0011_000173.wav,37024,
1171,0011/Sad/train/0011_001149.wav,36992,
1172,0011/Neutral/train/0011_000079.wav,36976,
1173,0011/Surprise/train/0011_001527.wav,36976,
1174,0011/Happy/train/0011_000866.wav,36960,
1175,0011/Neutral/train/0011_000074.wav,36960,
1176,0011/Neutral/train/0011_000325.wav,36960,
1177,0011/Happy/train/0011_000846.wav,36960,
1178,0011/Surprise/train/0011_001460.wav,36960,
1179,0011/Angry/train/0011_000462.wav,36944,
1180,0011/Angry/train/0011_000586.wav,36944,
1181,0011/Angry/train/0011_000612.wav,36944,
1182,0011/Neutral/train/0011_000287.wav,36928,
1183,0011/Angry/train/0011_000644.wav,36912,
1184,0011/Neutral/train/0011_000229.wav,36880,
1185,0011/Happy/train/0011_000816.wav,36864,
1186,0011/Neutral/train/0011_000064.wav,36864,
1187,0011/Surprise/train/0011_001554.wav,36816,
1188,0011/Neutral/train/0011_000301.wav,36816,
1189,0011/Neutral/train/0011_000281.wav,36816,
1190,0011/Angry/train/0011_000637.wav,36816,
1191,0011/Surprise/train/0011_001680.wav,36784,
1192,0011/Sad/train/0011_001185.wav,36784,
1193,0011/Neutral/train/0011_000350.wav,36768,
1194,0011/Angry/train/0011_000443.wav,36736,
1195,0011/Sad/train/0011_001389.wav,36720,
1196,0011/Angry/train/0011_000433.wav,36720,
1197,0011/Surprise/train/0011_001472.wav,36704,
1198,0011/Sad/train/0011_001126.wav,36704,
1199,0011/Angry/train/0011_000516.wav,36672,
1200,0011/Happy/train/0011_000884.wav,36640,
1201,0011/Happy/evaluation/0011_000712.wav,36640,
1202,0011/Sad/train/0011_001301.wav,36624,
1203,0011/Neutral/train/0011_000187.wav,36608,
1204,0011/Neutral/train/0011_000073.wav,36576,
1205,0011/Angry/train/0011_000496.wav,36544,
1206,0011/Angry/train/0011_000426.wav,36528,
1207,0011/Happy/train/0011_000938.wav,36480,
1208,0011/Neutral/train/0011_000177.wav,36448,
1209,0011/Neutral/train/0011_000152.wav,36448,
1210,0011/Angry/train/0011_000465.wav,36416,
1211,0011/Sad/train/0011_001340.wav,36416,
1212,0011/Happy/train/0011_000950.wav,36400,
1213,0011/Happy/train/0011_001028.wav,36384,
1214,0011/Happy/train/0011_000982.wav,36368,
1215,0011/Neutral/train/0011_000225.wav,36336,
1216,0011/Angry/evaluation/0011_000368.wav,36336,
1217,0011/Surprise/train/0011_001464.wav,36336,
1218,0011/Neutral/train/0011_000277.wav,36320,
1219,0011/Sad/train/0011_001314.wav,36320,
1220,0011/Happy/train/0011_000877.wav,36288,
1221,0011/Angry/test/0011_000377.wav,36288,
1222,0011/Happy/train/0011_000880.wav,36272,
1223,0011/Neutral/train/0011_000349.wav,36272,
1224,0011/Happy/train/0011_000851.wav,36272,
1225,0011/Surprise/train/0011_001570.wav,36256,
1226,0011/Surprise/test/0011_001427.wav,36256,
1227,0011/Surprise/train/0011_001640.wav,36240,
1228,0011/Neutral/train/0011_000314.wav,36240,
1229,0011/Angry/train/0011_000527.wav,36240,
1230,0011/Surprise/train/0011_001457.wav,36192,
1231,0011/Happy/train/0011_000820.wav,36176,
1232,0011/Surprise/train/0011_001665.wav,36160,
1233,0011/Angry/train/0011_000500.wav,36160,
1234,0011/Surprise/train/0011_001537.wav,36160,
1235,0011/Sad/train/0011_001342.wav,36144,
1236,0011/Angry/test/0011_000399.wav,36112,
1237,0011/Angry/train/0011_000683.wav,36112,
1238,0011/Sad/train/0011_001180.wav,36112,
1239,0011/Happy/train/0011_000818.wav,36112,
1240,0011/Surprise/train/0011_001493.wav,36080,
1241,0011/Surprise/train/0011_001589.wav,36064,
1242,0011/Neutral/train/0011_000230.wav,36064,
1243,0011/Neutral/train/0011_000215.wav,36048,
1244,0011/Happy/train/0011_001003.wav,36032,
1245,0011/Angry/train/0011_000454.wav,36032,
1246,0011/Angry/train/0011_000666.wav,36016,
1247,0011/Sad/train/0011_001280.wav,36000,
1248,0011/Surprise/train/0011_001651.wav,35984,
1249,0011/Surprise/train/0011_001747.wav,35984,
1250,0011/Neutral/train/0011_000312.wav,35984,
1251,0011/Happy/train/0011_000930.wav,35968,
1252,0011/Surprise/train/0011_001486.wav,35968,
1253,0011/Angry/train/0011_000434.wav,35952,
1254,0011/Sad/train/0011_001202.wav,35936,
1255,0011/Angry/train/0011_000640.wav,35920,
1256,0011/Angry/train/0011_000689.wav,35920,
1257,0011/Happy/train/0011_000895.wav,35872,
1258,0011/Surprise/train/0011_001523.wav,35872,
1259,0011/Sad/train/0011_001348.wav,35856,
1260,0011/Happy/evaluation/0011_000715.wav,35856,
1261,0011/Sad/train/0011_001327.wav,35856,
1262,0011/Surprise/train/0011_001588.wav,35856,
1263,0011/Angry/train/0011_000485.wav,35840,
1264,0011/Happy/train/0011_000835.wav,35824,
1265,0011/Surprise/train/0011_001453.wav,35824,
1266,0011/Surprise/train/0011_001630.wav,35824,
1267,0011/Happy/train/0011_000783.wav,35808,
1268,0011/Happy/train/0011_000769.wav,35808,
1269,0011/Angry/train/0011_000539.wav,35808,
1270,0011/Happy/train/0011_000806.wav,35792,
1271,0011/Neutral/train/0011_000126.wav,35760,
1272,0011/Happy/train/0011_000894.wav,35744,
1273,0011/Neutral/train/0011_000280.wav,35728,
1274,0011/Angry/test/0011_000392.wav,35712,
1275,0011/Neutral/train/0011_000345.wav,35696,
1276,0011/Happy/train/0011_000842.wav,35680,
1277,0011/Happy/train/0011_000887.wav,35680,
1278,0011/Neutral/test/0011_000049.wav,35680,
1279,0011/Sad/train/0011_001362.wav,35680,
1280,0011/Neutral/train/0011_000130.wav,35664,
1281,0011/Neutral/evaluation/0011_000012.wav,35648,
1282,0011/Surprise/train/0011_001714.wav,35632,
1283,0011/Angry/train/0011_000601.wav,35616,
1284,0011/Sad/train/0011_001211.wav,35616,
1285,0011/Angry/train/0011_000472.wav,35616,
1286,0011/Neutral/train/0011_000202.wav,35616,
1287,0011/Surprise/train/0011_001643.wav,35600,
1288,0011/Happy/train/0011_000822.wav,35600,
1289,0011/Angry/train/0011_000591.wav,35584,
1290,0011/Neutral/train/0011_000241.wav,35584,
1291,0011/Angry/train/0011_000680.wav,35568,
1292,0011/Surprise/train/0011_001532.wav,35568,
1293,0011/Neutral/train/0011_000156.wav,35568,
1294,0011/Happy/train/0011_000827.wav,35520,
1295,0011/Neutral/train/0011_000328.wav,35520,
1296,0011/Angry/train/0011_000618.wav,35488,
1297,0011/Neutral/train/0011_000105.wav,35472,
1298,0011/Happy/train/0011_000977.wav,35472,
1299,0011/Angry/train/0011_000648.wav,35472,
1300,0011/Angry/evaluation/0011_000353.wav,35472,
1301,0011/Angry/train/0011_000523.wav,35456,
1302,0011/Surprise/train/0011_001612.wav,35456,
1303,0011/Sad/evaluation/0011_001057.wav,35440,
1304,0011/Neutral/train/0011_000295.wav,35440,
1305,0011/Neutral/train/0011_000203.wav,35440,
1306,0011/Neutral/train/0011_000206.wav,35424,
1307,0011/Sad/evaluation/0011_001053.wav,35408,
1308,0011/Surprise/train/0011_001681.wav,35392,
1309,0011/Angry/train/0011_000596.wav,35392,
1310,0011/Neutral/train/0011_000265.wav,35376,
1311,0011/Happy/train/0011_000854.wav,35360,
1312,0011/Angry/train/0011_000502.wav,35360,
1313,0011/Happy/train/0011_001024.wav,35360,
1314,0011/Happy/train/0011_000992.wav,35360,
1315,0011/Sad/train/0011_001270.wav,35360,
1316,0011/Neutral/train/0011_000142.wav,35360,
1317,0011/Happy/train/0011_000795.wav,35344,
1318,0011/Angry/train/0011_000537.wav,35344,
1319,0011/Neutral/train/0011_000053.wav,35344,
1320,0011/Sad/train/0011_001331.wav,35344,
1321,0011/Angry/test/0011_000380.wav,35312,
1322,0011/Surprise/train/0011_001587.wav,35296,
1323,0011/Neutral/train/0011_000087.wav,35280,
1324,0011/Sad/test/0011_001076.wav,35264,
1325,0011/Neutral/train/0011_000304.wav,35264,
1326,0011/Surprise/train/0011_001669.wav,35264,
1327,0011/Happy/train/0011_000753.wav,35248,
1328,0011/Angry/train/0011_000440.wav,35248,
1329,0011/Neutral/train/0011_000069.wav,35232,
1330,0011/Angry/train/0011_000403.wav,35216,
1331,0011/Happy/train/0011_000869.wav,35216,
1332,0011/Sad/train/0011_001364.wav,35200,
1333,0011/Neutral/train/0011_000060.wav,35200,
1334,0011/Sad/train/0011_001302.wav,35200,
1335,0011/Surprise/test/0011_001437.wav,35200,
1336,0011/Surprise/train/0011_001492.wav,35200,
1337,0011/Happy/train/0011_000873.wav,35184,
1338,0011/Angry/train/0011_000590.wav,35184,
1339,0011/Angry/train/0011_000473.wav,35168,
1340,0011/Happy/train/0011_000983.wav,35152,
1341,0011/Happy/train/0011_001014.wav,35152,
1342,0011/Surprise/train/0011_001526.wav,35136,
1343,0011/Happy/train/0011_000760.wav,35120,
1344,0011/Sad/train/0011_001291.wav,35120,
1345,0011/Surprise/train/0011_001490.wav,35056,
1346,0011/Angry/train/0011_000449.wav,35056,
1347,0011/Neutral/train/0011_000135.wav,35040,
1348,0011/Sad/train/0011_001103.wav,35008,
1349,0011/Neutral/train/0011_000266.wav,34944,
1350,0011/Sad/train/0011_001392.wav,34944,
1351,0011/Angry/train/0011_000616.wav,34928,
1352,0011/Neutral/train/0011_000339.wav,34928,
1353,0011/Sad/train/0011_001383.wav,34928,
1354,0011/Sad/train/0011_001395.wav,34928,
1355,0011/Neutral/train/0011_000342.wav,34928,
1356,0011/Angry/test/0011_000376.wav,34912,
1357,0011/Happy/train/0011_000784.wav,34912,
1358,0011/Happy/train/0011_000852.wav,34880,
1359,0011/Neutral/train/0011_000264.wav,34880,
1360,0011/Neutral/train/0011_000086.wav,34880,
1361,0011/Neutral/test/0011_000039.wav,34880,
1362,0011/Neutral/test/0011_000037.wav,34880,
1363,0011/Surprise/test/0011_001447.wav,34864,
1364,0011/Surprise/train/0011_001477.wav,34848,
1365,0011/Angry/train/0011_000603.wav,34848,
1366,0011/Surprise/train/0011_001749.wav,34816,
1367,0011/Surprise/train/0011_001602.wav,34816,
1368,0011/Angry/train/0011_000630.wav,34752,
1369,0011/Surprise/train/0011_001545.wav,34736,
1370,0011/Happy/train/0011_001035.wav,34736,
1371,0011/Happy/train/0011_000991.wav,34720,
1372,0011/Neutral/train/0011_000137.wav,34704,
1373,0011/Angry/train/0011_000587.wav,34704,
1374,0011/Angry/evaluation/0011_000357.wav,34688,
1375,0011/Surprise/train/0011_001646.wav,34688,
1376,0011/Surprise/train/0011_001727.wav,34688,
1377,0011/Surprise/train/0011_001496.wav,34688,
1378,0011/Surprise/train/0011_001688.wav,34688,
1379,0011/Surprise/test/0011_001430.wav,34672,
1380,0011/Happy/train/0011_000830.wav,34672,
1381,0011/Angry/train/0011_000677.wav,34656,
1382,0011/Happy/train/0011_000799.wav,34640,
1383,0011/Angry/train/0011_000614.wav,34624,
1384,0011/Happy/train/0011_000857.wav,34624,
1385,0011/Neutral/train/0011_000249.wav,34624,
1386,0011/Happy/train/0011_001037.wav,34592,
1387,0011/Happy/train/0011_000805.wav,34592,
1388,0011/Happy/train/0011_000861.wav,34576,
1389,0011/Surprise/train/0011_001573.wav,34512,
1390,0011/Neutral/train/0011_000099.wav,34496,
1391,0011/Happy/test/0011_000737.wav,34496,
1392,0011/Angry/train/0011_000468.wav,34496,
1393,0011/Angry/test/0011_000387.wav,34416,
1394,0011/Neutral/train/0011_000127.wav,34416,
1395,0011/Sad/train/0011_001299.wav,34416,
1396,0011/Sad/train/0011_001351.wav,34400,
1397,0011/Neutral/train/0011_000341.wav,34368,
1398,0011/Neutral/train/0011_000189.wav,34352,
1399,0011/Happy/train/0011_000778.wav,34336,
1400,0011/Surprise/train/0011_001699.wav,34336,
1401,0011/Neutral/train/0011_000170.wav,34320,
1402,0011/Angry/train/0011_000627.wav,34320,
1403,0011/Neutral/train/0011_000106.wav,34304,
1404,0011/Sad/train/0011_001316.wav,34240,
1405,0011/Angry/train/0011_000574.wav,34240,
1406,0011/Neutral/train/0011_000238.wav,34240,
1407,0011/Angry/train/0011_000685.wav,34240,
1408,0011/Sad/train/0011_001238.wav,34224,
1409,0011/Neutral/train/0011_000245.wav,34224,
1410,0011/Happy/train/0011_000906.wav,34208,
1411,0011/Neutral/train/0011_000154.wav,34192,
1412,0011/Happy/evaluation/0011_000717.wav,34192,
1413,0011/Neutral/train/0011_000193.wav,34160,
1414,0011/Sad/test/0011_001091.wav,34160,
1415,0011/Angry/train/0011_000477.wav,34144,
1416,0011/Sad/train/0011_001338.wav,34128,
1417,0011/Sad/train/0011_001195.wav,34112,
1418,0011/Surprise/train/0011_001743.wav,34112,
1419,0011/Neutral/test/0011_000030.wav,34096,
1420,0011/Happy/train/0011_000964.wav,34080,
1421,0011/Neutral/train/0011_000223.wav,34080,
1422,0011/Sad/train/0011_001239.wav,34080,
1423,0011/Neutral/train/0011_000220.wav,34064,
1424,0011/Happy/test/0011_000749.wav,34064,
1425,0011/Sad/train/0011_001243.wav,34048,
1426,0011/Sad/train/0011_001271.wav,34032,
1427,0011/Neutral/train/0011_000224.wav,34016,
1428,0011/Surprise/evaluation/0011_001405.wav,34000,
1429,0011/Surprise/train/0011_001595.wav,33920,
1430,0011/Sad/train/0011_001140.wav,33920,
1431,0011/Sad/train/0011_001176.wav,33920,
1432,0011/Angry/train/0011_000678.wav,33888,
1433,0011/Happy/evaluation/0011_000707.wav,33888,
1434,0011/Happy/train/0011_000845.wav,33888,
1435,0011/Sad/train/0011_001167.wav,33872,
1436,0011/Happy/train/0011_001027.wav,33856,
1437,0011/Angry/train/0011_000530.wav,33840,
1438,0011/Angry/train/0011_000649.wav,33824,
1439,0011/Neutral/train/0011_000221.wav,33824,
1440,0011/Happy/train/0011_000790.wav,33824,
1441,0011/Angry/train/0011_000699.wav,33760,
1442,0011/Sad/evaluation/0011_001058.wav,33760,
1443,0011/Sad/train/0011_001217.wav,33760,
1444,0011/Happy/train/0011_000858.wav,33760,
1445,0011/Happy/train/0011_000893.wav,33760,
1446,0011/Happy/train/0011_000867.wav,33744,
1447,0011/Sad/train/0011_001206.wav,33728,
1448,0011/Neutral/train/0011_000303.wav,33696,
1449,0011/Sad/train/0011_001127.wav,33664,
1450,0011/Sad/train/0011_001295.wav,33648,
1451,0011/Sad/train/0011_001399.wav,33648,
1452,0011/Happy/train/0011_000945.wav,33632,
1453,0011/Neutral/train/0011_000290.wav,33632,
1454,0011/Happy/train/0011_000804.wav,33616,
1455,0011/Angry/train/0011_000599.wav,33616,
1456,0011/Angry/train/0011_000538.wav,33600,
1457,0011/Neutral/train/0011_000083.wav,33584,
1458,0011/Happy/train/0011_001045.wav,33552,
1459,0011/Angry/train/0011_000455.wav,33552,
1460,0011/Angry/train/0011_000570.wav,33536,
1461,0011/Happy/train/0011_001042.wav,33520,
1462,0011/Angry/train/0011_000419.wav,33456,
1463,0011/Neutral/train/0011_000076.wav,33440,
1464,0011/Sad/train/0011_001200.wav,33440,
1465,0011/Surprise/train/0011_001739.wav,33440,
1466,0011/Happy/train/0011_000787.wav,33424,
1467,0011/Surprise/test/0011_001441.wav,33424,
1468,0011/Sad/train/0011_001385.wav,33408,
1469,0011/Happy/train/0011_000949.wav,33408,
1470,0011/Neutral/train/0011_000090.wav,33392,
1471,0011/Sad/train/0011_001396.wav,33392,
1472,0011/Happy/train/0011_000965.wav,33376,
1473,0011/Angry/train/0011_000476.wav,33312,
1474,0011/Neutral/evaluation/0011_000010.wav,33312,
1475,0011/Neutral/train/0011_000150.wav,33312,
1476,0011/Happy/train/0011_000837.wav,33280,
1477,0011/Surprise/train/0011_001653.wav,33264,
1478,0011/Surprise/train/0011_001468.wav,33264,
1479,0011/Neutral/train/0011_000262.wav,33248,
1480,0011/Neutral/train/0011_000118.wav,33232,
1481,0011/Angry/train/0011_000673.wav,33216,
1482,0011/Sad/train/0011_001116.wav,33216,
1483,0011/Angry/train/0011_000566.wav,33184,
1484,0011/Angry/train/0011_000545.wav,33184,
1485,0011/Happy/train/0011_000826.wav,33184,
1486,0011/Happy/train/0011_000789.wav,33168,
1487,0011/Angry/train/0011_000495.wav,33136,
1488,0011/Happy/train/0011_000772.wav,33120,
1489,0011/Neutral/train/0011_000145.wav,33120,
1490,0011/Happy/evaluation/0011_000710.wav,33120,
1491,0011/Happy/train/0011_000924.wav,33120,
1492,0011/Sad/train/0011_001372.wav,33120,
1493,0011/Sad/train/0011_001128.wav,33120,
1494,0011/Neutral/train/0011_000292.wav,33120,
1495,0011/Happy/train/0011_000981.wav,33104,
1496,0011/Angry/train/0011_000508.wav,33088,
1497,0011/Neutral/train/0011_000246.wav,33072,
1498,0011/Angry/train/0011_000696.wav,33024,
1499,0011/Angry/train/0011_000487.wav,32976,
1500,0011/Surprise/train/0011_001561.wav,32960,
1501,0011/Angry/train/0011_000491.wav,32928,
1502,0011/Neutral/evaluation/0011_000007.wav,32928,
1503,0011/Surprise/train/0011_001556.wav,32912,
1504,0011/Neutral/train/0011_000109.wav,32896,
1505,0011/Surprise/train/0011_001616.wav,32896,
1506,0011/Sad/train/0011_001377.wav,32896,
1507,0011/Sad/evaluation/0011_001055.wav,32880,
1508,0011/Happy/train/0011_000920.wav,32864,
1509,0011/Neutral/train/0011_000157.wav,32848,
1510,0011/Angry/train/0011_000437.wav,32832,
1511,0011/Happy/train/0011_000823.wav,32832,
1512,0011/Sad/train/0011_001312.wav,32800,
1513,0011/Happy/train/0011_000921.wav,32752,
1514,0011/Happy/train/0011_001001.wav,32752,
1515,0011/Surprise/train/0011_001722.wav,32752,
1516,0011/Angry/train/0011_000407.wav,32752,
1517,0011/Angry/train/0011_000572.wav,32736,
1518,0011/Surprise/train/0011_001484.wav,32720,
1519,0011/Happy/train/0011_000952.wav,32672,
1520,0011/Neutral/train/0011_000322.wav,32656,
1521,0011/Sad/train/0011_001220.wav,32640,
1522,0011/Angry/evaluation/0011_000360.wav,32640,
1523,0011/Happy/test/0011_000730.wav,32640,
1524,0011/Sad/train/0011_001266.wav,32640,
1525,0011/Happy/train/0011_000850.wav,32640,
1526,0011/Angry/train/0011_000595.wav,32624,
1527,0011/Neutral/train/0011_000112.wav,32608,
1528,0011/Neutral/train/0011_000104.wav,32592,
1529,0011/Neutral/train/0011_000253.wav,32560,
1530,0011/Angry/train/0011_000695.wav,32560,
1531,0011/Sad/test/0011_001092.wav,32560,
1532,0011/Angry/train/0011_000638.wav,32544,
1533,0011/Sad/train/0011_001284.wav,32512,
1534,0011/Angry/train/0011_000594.wav,32512,
1535,0011/Happy/test/0011_000726.wav,32496,
1536,0011/Happy/train/0011_000990.wav,32480,
1537,0011/Happy/train/0011_001046.wav,32464,
1538,0011/Neutral/train/0011_000236.wav,32448,
1539,0011/Happy/evaluation/0011_000708.wav,32432,
1540,0011/Neutral/test/0011_000041.wav,32432,
1541,0011/Surprise/train/0011_001745.wav,32416,
1542,0011/Neutral/train/0011_000078.wav,32384,
1543,0011/Sad/train/0011_001344.wav,32384,
1544,0011/Neutral/train/0011_000068.wav,32368,
1545,0011/Happy/train/0011_000809.wav,32368,
1546,0011/Neutral/train/0011_000298.wav,32336,
1547,0011/Sad/train/0011_001187.wav,32320,
1548,0011/Sad/train/0011_001242.wav,32320,
1549,0011/Sad/train/0011_001319.wav,32272,
1550,0011/Neutral/train/0011_000335.wav,32256,
1551,0011/Sad/train/0011_001107.wav,32192,
1552,0011/Neutral/evaluation/0011_000005.wav,32160,
1553,0011/Sad/train/0011_001272.wav,32160,
1554,0011/Happy/train/0011_000888.wav,32112,
1555,0011/Happy/train/0011_000998.wav,32096,
1556,0011/Happy/train/0011_000966.wav,32048,
1557,0011/Neutral/train/0011_000269.wav,32048,
1558,0011/Surprise/train/0011_001517.wav,32032,
1559,0011/Neutral/train/0011_000117.wav,32032,
1560,0011/Happy/train/0011_000988.wav,32016,
1561,0011/Neutral/train/0011_000327.wav,32016,
1562,0011/Neutral/train/0011_000089.wav,32000,
1563,0011/Sad/train/0011_001204.wav,32000,
1564,0011/Sad/train/0011_001173.wav,32000,
1565,0011/Happy/train/0011_000786.wav,31984,
1566,0011/Neutral/train/0011_000188.wav,31984,
1567,0011/Happy/train/0011_000994.wav,31952,
1568,0011/Surprise/test/0011_001442.wav,31920,
1569,0011/Angry/train/0011_000436.wav,31920,
1570,0011/Neutral/train/0011_000172.wav,31920,
1571,0011/Happy/train/0011_000941.wav,31904,
1572,0011/Happy/train/0011_000776.wav,31904,
1573,0011/Sad/train/0011_001139.wav,31888,
1574,0011/Happy/train/0011_001030.wav,31872,
1575,0011/Neutral/train/0011_000311.wav,31840,
1576,0011/Angry/train/0011_000492.wav,31840,
1577,0011/Happy/train/0011_000856.wav,31840,
1578,0011/Neutral/train/0011_000161.wav,31744,
1579,0011/Angry/train/0011_000593.wav,31728,
1580,0011/Neutral/train/0011_000167.wav,31712,
1581,0011/Angry/train/0011_000619.wav,31696,
1582,0011/Sad/evaluation/0011_001060.wav,31696,
1583,0011/Sad/train/0011_001315.wav,31680,
1584,0011/Angry/train/0011_000482.wav,31680,
1585,0011/Happy/train/0011_001049.wav,31664,
1586,0011/Happy/train/0011_000980.wav,31648,
1587,0011/Angry/train/0011_000542.wav,31648,
1588,0011/Angry/train/0011_000615.wav,31616,
1589,0011/Surprise/train/0011_001644.wav,31568,
1590,0011/Sad/train/0011_001199.wav,31568,
1591,0011/Surprise/train/0011_001489.wav,31568,
1592,0011/Surprise/evaluation/0011_001410.wav,31504,
1593,0011/Happy/train/0011_001021.wav,31472,
1594,0011/Happy/train/0011_001033.wav,31392,
1595,0011/Happy/train/0011_000853.wav,31360,
1596,0011/Happy/train/0011_001004.wav,31360,
1597,0011/Sad/train/0011_001296.wav,31360,
1598,0011/Neutral/train/0011_000333.wav,31312,
1599,0011/Happy/train/0011_000969.wav,31280,
1600,0011/Happy/train/0011_000944.wav,31280,
1601,0011/Angry/train/0011_000439.wav,31232,
1602,0011/Angry/train/0011_000467.wav,31168,
1603,0011/Neutral/train/0011_000096.wav,31152,
1604,0011/Happy/train/0011_001022.wav,31152,
1605,0011/Sad/train/0011_001293.wav,31104,
1606,0011/Neutral/train/0011_000066.wav,31088,
1607,0011/Angry/train/0011_000520.wav,31088,
1608,0011/Neutral/train/0011_000288.wav,31040,
1609,0011/Sad/train/0011_001303.wav,31040,
1610,0011/Angry/train/0011_000428.wav,31024,
1611,0011/Sad/train/0011_001203.wav,30912,
1612,0011/Surprise/train/0011_001592.wav,30864,
1613,0011/Sad/train/0011_001191.wav,30848,
1614,0011/Angry/train/0011_000430.wav,30816,
1615,0011/Happy/test/0011_000741.wav,30800,
1616,0011/Happy/train/0011_000916.wav,30720,
1617,0011/Sad/train/0011_001130.wav,30720,
1618,0011/Angry/train/0011_000672.wav,30672,
1619,0011/Happy/train/0011_000796.wav,30624,
1620,0011/Happy/test/0011_000742.wav,30608,
1621,0011/Neutral/train/0011_000072.wav,30608,
1622,0011/Sad/train/0011_001294.wav,30576,
1623,0011/Happy/train/0011_000922.wav,30544,
1624,0011/Neutral/train/0011_000299.wav,30464,
1625,0011/Happy/train/0011_000892.wav,30448,
1626,0011/Neutral/train/0011_000080.wav,30432,
1627,0011/Happy/train/0011_000943.wav,30416,
1628,0011/Sad/train/0011_001366.wav,30400,
1629,0011/Happy/train/0011_000912.wav,30384,
1630,0011/Happy/train/0011_000757.wav,30368,
1631,0011/Sad/train/0011_001393.wav,30320,
1632,0011/Angry/train/0011_000646.wav,30304,
1633,0011/Surprise/train/0011_001732.wav,30240,
1634,0011/Sad/train/0011_001146.wav,30240,
1635,0011/Angry/evaluation/0011_000355.wav,30192,
1636,0011/Happy/train/0011_000953.wav,30176,
1637,0011/Neutral/train/0011_000192.wav,30128,
1638,0011/Surprise/train/0011_001466.wav,30128,
1639,0011/Surprise/train/0011_001603.wav,30096,
1640,0011/Angry/train/0011_000544.wav,30080,
1641,0011/Neutral/train/0011_000244.wav,30080,
1642,0011/Sad/train/0011_001208.wav,30064,
1643,0011/Happy/train/0011_000766.wav,30064,
1644,0011/Sad/train/0011_001371.wav,30064,
1645,0011/Neutral/train/0011_000216.wav,30048,
1646,0011/Angry/train/0011_000459.wav,30016,
1647,0011/Happy/train/0011_001012.wav,29984,
1648,0011/Angry/test/0011_000397.wav,29936,
1649,0011/Happy/train/0011_000870.wav,29920,
1650,0011/Surprise/train/0011_001678.wav,29808,
1651,0011/Neutral/train/0011_000141.wav,29744,
1652,0011/Neutral/train/0011_000153.wav,29744,
1653,0011/Sad/train/0011_001222.wav,29744,
1654,0011/Sad/train/0011_001349.wav,29680,
1655,0011/Happy/train/0011_000946.wav,29680,
1656,0011/Sad/evaluation/0011_001069.wav,29536,
1657,0011/Neutral/evaluation/0011_000008.wav,29472,
1658,0011/Surprise/train/0011_001716.wav,29440,
1659,0011/Neutral/train/0011_000077.wav,29440,
1660,0011/Happy/train/0011_001039.wav,29408,
1661,0011/Sad/train/0011_001373.wav,29376,
1662,0011/Surprise/train/0011_001654.wav,29296,
1663,0011/Sad/train/0011_001286.wav,29280,
1664,0011/Surprise/train/0011_001509.wav,29280,
1665,0011/Happy/train/0011_000999.wav,29248,
1666,0011/Sad/train/0011_001118.wav,29232,
1667,0011/Angry/train/0011_000416.wav,29232,
1668,0011/Happy/train/0011_000841.wav,29216,
1669,0011/Happy/train/0011_000817.wav,29216,
1670,0011/Neutral/train/0011_000149.wav,29184,
1671,0011/Happy/train/0011_000936.wav,29168,
1672,0011/Surprise/train/0011_001723.wav,29136,
1673,0011/Surprise/train/0011_001498.wav,29120,
1674,0011/Sad/train/0011_001330.wav,29088,
1675,0011/Happy/train/0011_000872.wav,29072,
1676,0011/Angry/train/0011_000671.wav,29056,
1677,0011/Neutral/train/0011_000194.wav,29056,
1678,0011/Neutral/train/0011_000158.wav,29056,
1679,0011/Surprise/train/0011_001636.wav,28976,
1680,0011/Angry/train/0011_000503.wav,28976,
1681,0011/Sad/train/0011_001376.wav,28960,
1682,0011/Neutral/train/0011_000084.wav,28928,
1683,0011/Neutral/train/0011_000243.wav,28928,
1684,0011/Neutral/test/0011_000042.wav,28880,
1685,0011/Happy/train/0011_000780.wav,28864,
1686,0011/Neutral/train/0011_000294.wav,28800,
1687,0011/Neutral/train/0011_000057.wav,28800,
1688,0011/Angry/train/0011_000517.wav,28608,
1689,0011/Sad/train/0011_001159.wav,28576,
1690,0011/Happy/train/0011_001023.wav,28528,
1691,0011/Angry/train/0011_000676.wav,28464,
1692,0011/Neutral/train/0011_000321.wav,28400,
1693,0011/Happy/test/0011_000747.wav,28320,
1694,0011/Surprise/train/0011_001721.wav,28320,
1695,0011/Happy/train/0011_001043.wav,28224,
1696,0011/Neutral/train/0011_000222.wav,28208,
1697,0011/Happy/evaluation/0011_000719.wav,28192,
1698,0011/Angry/train/0011_000584.wav,28112,
1699,0011/Neutral/train/0011_000323.wav,28064,
1700,0011/Sad/test/0011_001097.wav,28016,
1701,0011/Sad/train/0011_001253.wav,28000,
1702,0011/Angry/train/0011_000693.wav,28000,
1703,0011/Angry/train/0011_000628.wav,27984,
1704,0011/Surprise/train/0011_001726.wav,27920,
1705,0011/Sad/train/0011_001148.wav,27840,
1706,0011/Happy/train/0011_000777.wav,27776,
1707,0011/Happy/train/0011_001026.wav,27744,
1708,0011/Angry/train/0011_000446.wav,27552,
1709,0011/Neutral/train/0011_000234.wav,27504,
1710,0011/Angry/evaluation/0011_000369.wav,27504,
1711,0011/Happy/train/0011_000902.wav,27456,
1712,0011/Neutral/evaluation/0011_000019.wav,27456,
1713,0011/Happy/train/0011_001016.wav,27424,
1714,0011/Surprise/train/0011_001549.wav,27408,
1715,0011/Angry/evaluation/0011_000358.wav,27360,
1716,0011/Sad/train/0011_001346.wav,27280,
1717,0011/Happy/train/0011_000934.wav,27248,
1718,0011/Neutral/train/0011_000212.wav,27232,
1719,0011/Neutral/train/0011_000343.wav,27200,
1720,0011/Angry/train/0011_000504.wav,27200,
1721,0011/Neutral/train/0011_000098.wav,27168,
1722,0011/Neutral/train/0011_000316.wav,27088,
1723,0011/Angry/train/0011_000499.wav,27072,
1724,0011/Sad/train/0011_001252.wav,26864,
1725,0011/Neutral/train/0011_000332.wav,26848,
1726,0011/Neutral/train/0011_000326.wav,26720,
1727,0011/Happy/train/0011_000903.wav,26608,
1728,0011/Surprise/evaluation/0011_001419.wav,26496,
1729,0011/Happy/train/0011_000768.wav,26320,
1730,0011/Neutral/test/0011_000047.wav,25977,
1731,0011/Neutral/train/0011_000198.wav,25936,
1732,0011/Sad/train/0011_001382.wav,25904,
1733,0011/Happy/train/0011_000849.wav,25424,
1734,0011/Neutral/train/0011_000296.wav,25120,
1735,0011/Happy/train/0011_000798.wav,24832,
1736,0011/Surprise/train/0011_001696.wav,24448,
1737,0011/Happy/train/0011_001032.wav,24144,
1738,0011/Sad/train/0011_001262.wav,23840,
1739,0011/Angry/train/0011_000448.wav,23680,
1740,0011/Angry/train/0011_000682.wav,23536,
1741,0011/Happy/train/0011_000978.wav,23200,
1742,0011/Sad/train/0011_001328.wav,22560,
1743,0011/Happy/train/0011_000996.wav,22432,
1744,0011/Sad/train/0011_001304.wav,22416,
1745,0011/Happy/train/0011_000954.wav,21632,
1746,0011/Angry/train/0011_000562.wav,21600,
1747,0011/Neutral/train/0011_000278.wav,21088,
1748,0011/Neutral/train/0011_000254.wav,19968,
1749,0011/Angry/train/0011_000604.wav,18880,
