,file_path,score
0,0011/Angry/0011_000351.wav,0.50264
1,0011/Angry/0011_000352.wav,0.40648
2,0011/Angry/0011_000353.wav,0.47524
3,0011/Angry/0011_000354.wav,0.47748
4,0011/Angry/0011_000355.wav,0.49172
5,0011/Angry/0011_000356.wav,0.40908
6,0011/Angry/0011_000357.wav,0.47346
7,0011/Angry/0011_000358.wav,0.54017
8,0011/Angry/0011_000359.wav,0.58684
9,0011/Angry/0011_000360.wav,0.43584
10,0011/Angry/0011_000361.wav,0.4711
11,0011/Angry/0011_000362.wav,0.54042
12,0011/Angry/0011_000363.wav,0.48059
13,0011/Angry/0011_000364.wav,0.56707
14,0011/Angry/0011_000365.wav,0.56136
15,0011/Angry/0011_000366.wav,0.63684
16,0011/Angry/0011_000367.wav,0.74999
17,0011/Angry/0011_000368.wav,0.65905
18,0011/Angry/0011_000369.wav,0.61797
19,0011/Angry/0011_000370.wav,0.54355
20,0011/Angry/0011_000371.wav,0.45042
21,0011/Angry/0011_000372.wav,0.56755
22,0011/Angry/0011_000373.wav,0.53646
23,0011/Angry/0011_000374.wav,0.50478
24,0011/Angry/0011_000375.wav,0.51356
25,0011/Angry/0011_000376.wav,0.56356
26,0011/Angry/0011_000377.wav,0.41516
27,0011/Angry/0011_000378.wav,0.47737
28,0011/Angry/0011_000379.wav,0.47193
29,0011/Angry/0011_000380.wav,0.47468
30,0011/Angry/0011_000381.wav,0.47813
31,0011/Angry/0011_000382.wav,0.43295
32,0011/Angry/0011_000383.wav,0.41368
33,0011/Angry/0011_000384.wav,0.47553
34,0011/Angry/0011_000385.wav,0.31234
35,0011/Angry/0011_000386.wav,0.48003
36,0011/Angry/0011_000387.wav,0.47011
37,0011/Angry/0011_000388.wav,0.50348
38,0011/Angry/0011_000389.wav,0.42693
39,0011/Angry/0011_000390.wav,0.4722
40,0011/Angry/0011_000391.wav,0.48091
41,0011/Angry/0011_000392.wav,0.43962
42,0011/Angry/0011_000393.wav,0.4739
43,0011/Angry/0011_000394.wav,0.4725
44,0011/Angry/0011_000395.wav,0.47312
45,0011/Angry/0011_000396.wav,0.36417
46,0011/Angry/0011_000397.wav,0.51487
47,0011/Angry/0011_000398.wav,0.47713
48,0011/Angry/0011_000399.wav,0.47938
49,0011/Angry/0011_000400.wav,0.4176
50,0011/Angry/0011_000401.wav,0.47345
51,0011/Angry/0011_000402.wav,0.46584
52,0011/Angry/0011_000403.wav,0.50704
53,0011/Angry/0011_000404.wav,0.55659
54,0011/Angry/0011_000405.wav,0.47815
55,0011/Angry/0011_000406.wav,0.4727
56,0011/Angry/0011_000407.wav,0.47402
57,0011/Angry/0011_000408.wav,0.49037
58,0011/Angry/0011_000409.wav,0.54767
59,0011/Angry/0011_000410.wav,0.64207
60,0011/Angry/0011_000411.wav,0.53763
61,0011/Angry/0011_000412.wav,0.40368
62,0011/Angry/0011_000413.wav,0.54735
63,0011/Angry/0011_000414.wav,0.62975
64,0011/Angry/0011_000415.wav,0.54937
65,0011/Angry/0011_000416.wav,0.57202
66,0011/Angry/0011_000417.wav,0.45792
67,0011/Angry/0011_000418.wav,0.53317
68,0011/Angry/0011_000419.wav,0.47819
69,0011/Angry/0011_000420.wav,0.59367
70,0011/Angry/0011_000421.wav,0.64913
71,0011/Angry/0011_000422.wav,0.478
72,0011/Angry/0011_000423.wav,0.48037
73,0011/Angry/0011_000424.wav,0.52411
74,0011/Angry/0011_000425.wav,0.62092
75,0011/Angry/0011_000426.wav,0.61326
76,0011/Angry/0011_000427.wav,0.75582
77,0011/Angry/0011_000428.wav,0.59225
78,0011/Angry/0011_000429.wav,0.51288
79,0011/Angry/0011_000430.wav,0.42859
80,0011/Angry/0011_000431.wav,0.70906
81,0011/Angry/0011_000432.wav,0.48385
82,0011/Angry/0011_000433.wav,0.79201
83,0011/Angry/0011_000434.wav,0.63529
84,0011/Angry/0011_000435.wav,0.64977
85,0011/Angry/0011_000436.wav,0.57911
86,0011/Angry/0011_000437.wav,0.47583
87,0011/Angry/0011_000438.wav,0.47529
88,0011/Angry/0011_000439.wav,0.66831
89,0011/Angry/0011_000440.wav,0.64475
90,0011/Angry/0011_000441.wav,0.67644
91,0011/Angry/0011_000442.wav,0.5202
92,0011/Angry/0011_000443.wav,0.54775
93,0011/Angry/0011_000444.wav,0.57426
94,0011/Angry/0011_000445.wav,0.79229
95,0011/Angry/0011_000446.wav,0.47226
96,0011/Angry/0011_000447.wav,0.48376
97,0011/Angry/0011_000448.wav,0.47291
98,0011/Angry/0011_000449.wav,0.48812
99,0011/Angry/0011_000450.wav,0.54417
100,0011/Angry/0011_000451.wav,0.77412
101,0011/Angry/0011_000452.wav,0.46623
102,0011/Angry/0011_000453.wav,0.59093
103,0011/Angry/0011_000454.wav,0.4748
104,0011/Angry/0011_000455.wav,0.5201
105,0011/Angry/0011_000456.wav,0.47119
106,0011/Angry/0011_000457.wav,0.47571
107,0011/Angry/0011_000458.wav,0.55384
108,0011/Angry/0011_000459.wav,0.68563
109,0011/Angry/0011_000460.wav,0.5217
110,0011/Angry/0011_000461.wav,0.40971
111,0011/Angry/0011_000462.wav,0.57994
112,0011/Angry/0011_000463.wav,0.6084
113,0011/Angry/0011_000464.wav,0.66252
114,0011/Angry/0011_000465.wav,0.5088
115,0011/Angry/0011_000466.wav,0.76511
116,0011/Angry/0011_000467.wav,0.60972
117,0011/Angry/0011_000468.wav,0.58274
118,0011/Angry/0011_000469.wav,0.6844
119,0011/Angry/0011_000470.wav,0.48094
120,0011/Angry/0011_000471.wav,0.58894
121,0011/Angry/0011_000472.wav,0.63891
122,0011/Angry/0011_000473.wav,0.86903
123,0011/Angry/0011_000474.wav,0.51074
124,0011/Angry/0011_000475.wav,0.52504
125,0011/Angry/0011_000476.wav,0.52879
126,0011/Angry/0011_000477.wav,0.49935
127,0011/Angry/0011_000478.wav,0.65062
128,0011/Angry/0011_000479.wav,0.61586
129,0011/Angry/0011_000480.wav,0.5298
130,0011/Angry/0011_000481.wav,0.47357
131,0011/Angry/0011_000482.wav,0.49525
132,0011/Angry/0011_000483.wav,0.59914
133,0011/Angry/0011_000484.wav,0.49181
134,0011/Angry/0011_000485.wav,0.52568
135,0011/Angry/0011_000486.wav,0.64166
136,0011/Angry/0011_000487.wav,0.52789
137,0011/Angry/0011_000488.wav,0.63174
138,0011/Angry/0011_000489.wav,0.47496
139,0011/Angry/0011_000490.wav,0.57725
140,0011/Angry/0011_000491.wav,0.78562
141,0011/Angry/0011_000492.wav,0.74524
142,0011/Angry/0011_000493.wav,0.47835
143,0011/Angry/0011_000494.wav,0.51596
144,0011/Angry/0011_000495.wav,0.62647
145,0011/Angry/0011_000496.wav,0.56549
146,0011/Angry/0011_000497.wav,0.53567
147,0011/Angry/0011_000498.wav,0.50532
148,0011/Angry/0011_000499.wav,0.85058
149,0011/Angry/0011_000500.wav,0.49144
150,0011/Angry/0011_000501.wav,0.51118
151,0011/Angry/0011_000502.wav,0.48011
152,0011/Angry/0011_000503.wav,0.54342
153,0011/Angry/0011_000504.wav,0.56253
154,0011/Angry/0011_000505.wav,0.53881
155,0011/Angry/0011_000506.wav,0.4734
156,0011/Angry/0011_000507.wav,0.64138
157,0011/Angry/0011_000508.wav,0.49284
158,0011/Angry/0011_000509.wav,0.51734
159,0011/Angry/0011_000510.wav,0.46334
160,0011/Angry/0011_000511.wav,0.51822
161,0011/Angry/0011_000512.wav,0.76833
162,0011/Angry/0011_000513.wav,0.67938
163,0011/Angry/0011_000514.wav,0.62637
164,0011/Angry/0011_000515.wav,0.6734
165,0011/Angry/0011_000516.wav,0.55737
166,0011/Angry/0011_000517.wav,0.65905
167,0011/Angry/0011_000518.wav,0.69192
168,0011/Angry/0011_000519.wav,0.51641
169,0011/Angry/0011_000520.wav,0.48677
170,0011/Angry/0011_000521.wav,0.63471
171,0011/Angry/0011_000522.wav,0.47046
172,0011/Angry/0011_000523.wav,0.66266
173,0011/Angry/0011_000524.wav,0.57552
174,0011/Angry/0011_000525.wav,0.64474
175,0011/Angry/0011_000526.wav,0.62289
176,0011/Angry/0011_000527.wav,0.6435
177,0011/Angry/0011_000528.wav,0.51474
178,0011/Angry/0011_000529.wav,0.63949
179,0011/Angry/0011_000530.wav,0.47486
180,0011/Angry/0011_000531.wav,0.68756
181,0011/Angry/0011_000532.wav,0.58262
182,0011/Angry/0011_000533.wav,0.47062
183,0011/Angry/0011_000534.wav,0.63974
184,0011/Angry/0011_000535.wav,0.68759
185,0011/Angry/0011_000536.wav,0.73802
186,0011/Angry/0011_000537.wav,0.53171
187,0011/Angry/0011_000538.wav,0.69396
188,0011/Angry/0011_000539.wav,0.53316
189,0011/Angry/0011_000540.wav,0.51711
190,0011/Angry/0011_000541.wav,0.50712
191,0011/Angry/0011_000542.wav,0.61388
192,0011/Angry/0011_000543.wav,0.59726
193,0011/Angry/0011_000544.wav,0.79462
194,0011/Angry/0011_000545.wav,0.64054
195,0011/Angry/0011_000546.wav,0.74489
196,0011/Angry/0011_000547.wav,0.70203
197,0011/Angry/0011_000548.wav,0.43986
198,0011/Angry/0011_000549.wav,0.50675
199,0011/Angry/0011_000550.wav,0.48341
200,0011/Angry/0011_000551.wav,0.75184
201,0011/Angry/0011_000552.wav,0.42817
202,0011/Angry/0011_000553.wav,0.64726
203,0011/Angry/0011_000554.wav,0.63392
204,0011/Angry/0011_000555.wav,0.61189
205,0011/Angry/0011_000556.wav,0.52926
206,0011/Angry/0011_000557.wav,0.51893
207,0011/Angry/0011_000558.wav,0.6046
208,0011/Angry/0011_000559.wav,0.60065
209,0011/Angry/0011_000560.wav,0.60753
210,0011/Angry/0011_000561.wav,0.57027
211,0011/Angry/0011_000562.wav,0.51357
212,0011/Angry/0011_000563.wav,0.51919
213,0011/Angry/0011_000564.wav,0.7201
214,0011/Angry/0011_000565.wav,0.73601
215,0011/Angry/0011_000566.wav,0.70766
216,0011/Angry/0011_000567.wav,0.53206
217,0011/Angry/0011_000568.wav,0.48649
218,0011/Angry/0011_000569.wav,0.47126
219,0011/Angry/0011_000570.wav,0.56807
220,0011/Angry/0011_000571.wav,0.54884
221,0011/Angry/0011_000572.wav,0.48019
222,0011/Angry/0011_000573.wav,0.54559
223,0011/Angry/0011_000574.wav,0.69485
224,0011/Angry/0011_000575.wav,0.59048
225,0011/Angry/0011_000576.wav,0.52013
226,0011/Angry/0011_000577.wav,0.47785
227,0011/Angry/0011_000578.wav,0.69768
228,0011/Angry/0011_000579.wav,0.71662
229,0011/Angry/0011_000580.wav,0.61
230,0011/Angry/0011_000581.wav,0.62286
231,0011/Angry/0011_000582.wav,0.4719
232,0011/Angry/0011_000583.wav,0.75693
233,0011/Angry/0011_000584.wav,1
234,0011/Angry/0011_000585.wav,0.70883
235,0011/Angry/0011_000586.wav,0.47188
236,0011/Angry/0011_000587.wav,0.56591
237,0011/Angry/0011_000588.wav,0.55536
238,0011/Angry/0011_000589.wav,0.5829
239,0011/Angry/0011_000590.wav,0.6282
240,0011/Angry/0011_000591.wav,0.66508
241,0011/Angry/0011_000592.wav,0.67311
242,0011/Angry/0011_000593.wav,0.62588
243,0011/Angry/0011_000594.wav,0.60616
244,0011/Angry/0011_000595.wav,0.47455
245,0011/Angry/0011_000596.wav,0.52327
246,0011/Angry/0011_000597.wav,0.79087
247,0011/Angry/0011_000598.wav,0.49158
248,0011/Angry/0011_000599.wav,0.56971
249,0011/Angry/0011_000600.wav,0.44989
250,0011/Angry/0011_000601.wav,0.47355
251,0011/Angry/0011_000602.wav,0.58259
252,0011/Angry/0011_000603.wav,0.47677
253,0011/Angry/0011_000604.wav,0.68809
254,0011/Angry/0011_000605.wav,0.56458
255,0011/Angry/0011_000606.wav,0.58078
256,0011/Angry/0011_000607.wav,0.6795
257,0011/Angry/0011_000608.wav,0.58257
258,0011/Angry/0011_000609.wav,0.52571
259,0011/Angry/0011_000610.wav,0.68679
260,0011/Angry/0011_000611.wav,0.49328
261,0011/Angry/0011_000612.wav,0.75074
262,0011/Angry/0011_000613.wav,0.41608
263,0011/Angry/0011_000614.wav,0.78632
264,0011/Angry/0011_000615.wav,0.59194
265,0011/Angry/0011_000616.wav,0.6253
266,0011/Angry/0011_000617.wav,0.71491
267,0011/Angry/0011_000618.wav,0.66749
268,0011/Angry/0011_000619.wav,0.96861
269,0011/Angry/0011_000620.wav,0.49039
270,0011/Angry/0011_000621.wav,0.81613
271,0011/Angry/0011_000622.wav,0.63122
272,0011/Angry/0011_000623.wav,0.60094
273,0011/Angry/0011_000624.wav,0.60796
274,0011/Angry/0011_000625.wav,0.4712
275,0011/Angry/0011_000626.wav,0.56357
276,0011/Angry/0011_000627.wav,0.51738
277,0011/Angry/0011_000628.wav,0.71007
278,0011/Angry/0011_000629.wav,0.68261
279,0011/Angry/0011_000630.wav,0.57169
280,0011/Angry/0011_000631.wav,0.83425
281,0011/Angry/0011_000632.wav,0.64935
282,0011/Angry/0011_000633.wav,0.54259
283,0011/Angry/0011_000634.wav,0.55655
284,0011/Angry/0011_000635.wav,0.5103
285,0011/Angry/0011_000636.wav,0.59635
286,0011/Angry/0011_000637.wav,0.47765
287,0011/Angry/0011_000638.wav,0.56785
288,0011/Angry/0011_000639.wav,0.49493
289,0011/Angry/0011_000640.wav,0.52099
290,0011/Angry/0011_000641.wav,0.48568
291,0011/Angry/0011_000642.wav,0.59579
292,0011/Angry/0011_000643.wav,0.50958
293,0011/Angry/0011_000644.wav,0.5758
294,0011/Angry/0011_000645.wav,0.52913
295,0011/Angry/0011_000646.wav,0.47633
296,0011/Angry/0011_000647.wav,0.59143
297,0011/Angry/0011_000648.wav,0.5767
298,0011/Angry/0011_000649.wav,0.51409
299,0011/Angry/0011_000650.wav,0.45833
300,0011/Angry/0011_000651.wav,0.53482
301,0011/Angry/0011_000652.wav,0.55425
302,0011/Angry/0011_000653.wav,0.48229
303,0011/Angry/0011_000654.wav,0.57347
304,0011/Angry/0011_000655.wav,0.64661
305,0011/Angry/0011_000656.wav,0.57854
306,0011/Angry/0011_000657.wav,0.82772
307,0011/Angry/0011_000658.wav,0.51176
308,0011/Angry/0011_000659.wav,0.65685
309,0011/Angry/0011_000660.wav,0.64875
310,0011/Angry/0011_000661.wav,0.51821
311,0011/Angry/0011_000662.wav,0.57266
312,0011/Angry/0011_000663.wav,0.47616
313,0011/Angry/0011_000664.wav,0.5019
314,0011/Angry/0011_000665.wav,0.61064
315,0011/Angry/0011_000666.wav,0.61668
316,0011/Angry/0011_000667.wav,0.48198
317,0011/Angry/0011_000668.wav,0.53012
318,0011/Angry/0011_000669.wav,0.68575
319,0011/Angry/0011_000670.wav,0.60583
320,0011/Angry/0011_000671.wav,0.61161
321,0011/Angry/0011_000672.wav,0.54535
322,0011/Angry/0011_000673.wav,0.70847
323,0011/Angry/0011_000674.wav,0.54425
324,0011/Angry/0011_000675.wav,0.6232
325,0011/Angry/0011_000676.wav,0.56603
326,0011/Angry/0011_000677.wav,0.56728
327,0011/Angry/0011_000678.wav,0.48677
328,0011/Angry/0011_000679.wav,0.52127
329,0011/Angry/0011_000680.wav,0.70439
330,0011/Angry/0011_000681.wav,0.48732
331,0011/Angry/0011_000682.wav,0.66415
332,0011/Angry/0011_000683.wav,0.56787
333,0011/Angry/0011_000684.wav,0.79617
334,0011/Angry/0011_000685.wav,0.81624
335,0011/Angry/0011_000686.wav,0.71261
336,0011/Angry/0011_000687.wav,0.91883
337,0011/Angry/0011_000688.wav,0.72931
338,0011/Angry/0011_000689.wav,0.47611
339,0011/Angry/0011_000690.wav,0.72565
340,0011/Angry/0011_000691.wav,0.7251
341,0011/Angry/0011_000692.wav,0.71295
342,0011/Angry/0011_000693.wav,0.65654
343,0011/Angry/0011_000694.wav,0.44012
344,0011/Angry/0011_000695.wav,0.65984
345,0011/Angry/0011_000696.wav,0.65808
346,0011/Angry/0011_000697.wav,0.7397
347,0011/Angry/0011_000698.wav,0.53218
348,0011/Angry/0011_000699.wav,0.54613
349,0011/Angry/0011_000700.wav,0.73588
350,0011/Happy/0011_000701.wav,0.65252
351,0011/Happy/0011_000702.wav,0.67424
352,0011/Happy/0011_000703.wav,0.47795
353,0011/Happy/0011_000704.wav,0.59827
354,0011/Happy/0011_000705.wav,0.67192
355,0011/Happy/0011_000706.wav,0.57327
356,0011/Happy/0011_000707.wav,0.5886
357,0011/Happy/0011_000708.wav,0.47578
358,0011/Happy/0011_000709.wav,0.47612
359,0011/Happy/0011_000710.wav,0.37535
360,0011/Happy/0011_000711.wav,0.47605
361,0011/Happy/0011_000712.wav,0.47677
362,0011/Happy/0011_000713.wav,0.57748
363,0011/Happy/0011_000714.wav,0.48788
364,0011/Happy/0011_000715.wav,0.48716
365,0011/Happy/0011_000716.wav,0.61635
366,0011/Happy/0011_000717.wav,0.52891
367,0011/Happy/0011_000718.wav,0.52734
368,0011/Happy/0011_000719.wav,0.53214
369,0011/Happy/0011_000720.wav,0.40449
370,0011/Happy/0011_000721.wav,0.41165
371,0011/Happy/0011_000722.wav,0.48352
372,0011/Happy/0011_000723.wav,0.53163
373,0011/Happy/0011_000724.wav,0.36285
374,0011/Happy/0011_000725.wav,0.52267
375,0011/Happy/0011_000726.wav,0.52844
376,0011/Happy/0011_000727.wav,0.32673
377,0011/Happy/0011_000728.wav,0.56425
378,0011/Happy/0011_000729.wav,0.47678
379,0011/Happy/0011_000730.wav,0.47939
380,0011/Happy/0011_000731.wav,0.5685
381,0011/Happy/0011_000732.wav,0.52028
382,0011/Happy/0011_000733.wav,0.57405
383,0011/Happy/0011_000734.wav,0.58228
384,0011/Happy/0011_000735.wav,0.47368
385,0011/Happy/0011_000736.wav,0.52485
386,0011/Happy/0011_000737.wav,0.60669
387,0011/Happy/0011_000738.wav,0.45069
388,0011/Happy/0011_000739.wav,0.59413
389,0011/Happy/0011_000740.wav,0.48257
390,0011/Happy/0011_000741.wav,0.48202
391,0011/Happy/0011_000742.wav,0.60851
392,0011/Happy/0011_000743.wav,0.58265
393,0011/Happy/0011_000744.wav,0.67735
394,0011/Happy/0011_000745.wav,0.48029
395,0011/Happy/0011_000746.wav,0.38806
396,0011/Happy/0011_000747.wav,0.54383
397,0011/Happy/0011_000748.wav,0.48109
398,0011/Happy/0011_000749.wav,0.77071
399,0011/Happy/0011_000750.wav,0.46072
400,0011/Happy/0011_000751.wav,0.46784
401,0011/Happy/0011_000752.wav,0.56224
402,0011/Happy/0011_000753.wav,0.70146
403,0011/Happy/0011_000754.wav,0.55826
404,0011/Happy/0011_000755.wav,0.58187
405,0011/Happy/0011_000756.wav,0.63328
406,0011/Happy/0011_000757.wav,0.48125
407,0011/Happy/0011_000758.wav,0.45014
408,0011/Happy/0011_000759.wav,0.48233
409,0011/Happy/0011_000760.wav,0.4742
410,0011/Happy/0011_000761.wav,0.47823
411,0011/Happy/0011_000762.wav,0.34959
412,0011/Happy/0011_000763.wav,0.5686
413,0011/Happy/0011_000764.wav,0.4473
414,0011/Happy/0011_000765.wav,0.43472
415,0011/Happy/0011_000766.wav,0.72811
416,0011/Happy/0011_000767.wav,0.54656
417,0011/Happy/0011_000768.wav,0.38581
418,0011/Happy/0011_000769.wav,0.59568
419,0011/Happy/0011_000770.wav,0.69086
420,0011/Happy/0011_000771.wav,0.54703
421,0011/Happy/0011_000772.wav,0.51081
422,0011/Happy/0011_000773.wav,0.43047
423,0011/Happy/0011_000774.wav,0.62111
424,0011/Happy/0011_000775.wav,0.48631
425,0011/Happy/0011_000776.wav,0.49006
426,0011/Happy/0011_000777.wav,0.66009
427,0011/Happy/0011_000778.wav,0.59245
428,0011/Happy/0011_000779.wav,0.51169
429,0011/Happy/0011_000780.wav,0.28812
430,0011/Happy/0011_000781.wav,0.4958
431,0011/Happy/0011_000782.wav,0.46752
432,0011/Happy/0011_000783.wav,0.64596
433,0011/Happy/0011_000784.wav,0.67226
434,0011/Happy/0011_000785.wav,0.59597
435,0011/Happy/0011_000786.wav,0.52905
436,0011/Happy/0011_000787.wav,0.47995
437,0011/Happy/0011_000788.wav,0.6065
438,0011/Happy/0011_000789.wav,0.51392
439,0011/Happy/0011_000790.wav,0.47507
440,0011/Happy/0011_000791.wav,0.58832
441,0011/Happy/0011_000792.wav,0.52326
442,0011/Happy/0011_000793.wav,0.47721
443,0011/Happy/0011_000794.wav,0.50371
444,0011/Happy/0011_000795.wav,0.64102
445,0011/Happy/0011_000796.wav,0.4795
446,0011/Happy/0011_000797.wav,0.57045
447,0011/Happy/0011_000798.wav,0.51315
448,0011/Happy/0011_000799.wav,0.7094
449,0011/Happy/0011_000800.wav,0.69017
450,0011/Happy/0011_000801.wav,0.60114
451,0011/Happy/0011_000802.wav,0.52816
452,0011/Happy/0011_000803.wav,0.62311
453,0011/Happy/0011_000804.wav,0.66222
454,0011/Happy/0011_000805.wav,0.48882
455,0011/Happy/0011_000806.wav,0.58501
456,0011/Happy/0011_000807.wav,0.55727
457,0011/Happy/0011_000808.wav,0.48059
458,0011/Happy/0011_000809.wav,0.45907
459,0011/Happy/0011_000810.wav,0.62018
460,0011/Happy/0011_000811.wav,0.59322
461,0011/Happy/0011_000812.wav,0.5916
462,0011/Happy/0011_000813.wav,0.65823
463,0011/Happy/0011_000814.wav,0.8656
464,0011/Happy/0011_000815.wav,0.48534
465,0011/Happy/0011_000816.wav,0.60594
466,0011/Happy/0011_000817.wav,0.46859
467,0011/Happy/0011_000818.wav,0.78734
468,0011/Happy/0011_000819.wav,0.76361
469,0011/Happy/0011_000820.wav,0.66896
470,0011/Happy/0011_000821.wav,0.55273
471,0011/Happy/0011_000822.wav,0.75228
472,0011/Happy/0011_000823.wav,0.62322
473,0011/Happy/0011_000824.wav,0.49647
474,0011/Happy/0011_000825.wav,0.51885
475,0011/Happy/0011_000826.wav,0.63954
476,0011/Happy/0011_000827.wav,0.55675
477,0011/Happy/0011_000828.wav,0.48427
478,0011/Happy/0011_000829.wav,0.58018
479,0011/Happy/0011_000830.wav,0.69578
480,0011/Happy/0011_000831.wav,0.52116
481,0011/Happy/0011_000832.wav,0.49919
482,0011/Happy/0011_000833.wav,0.49195
483,0011/Happy/0011_000834.wav,0.57514
484,0011/Happy/0011_000835.wav,0.48233
485,0011/Happy/0011_000836.wav,0.49646
486,0011/Happy/0011_000837.wav,0.47723
487,0011/Happy/0011_000838.wav,0.59466
488,0011/Happy/0011_000839.wav,0.58933
489,0011/Happy/0011_000840.wav,0.518
490,0011/Happy/0011_000841.wav,0.81707
491,0011/Happy/0011_000842.wav,0.77868
492,0011/Happy/0011_000843.wav,0.5698
493,0011/Happy/0011_000844.wav,0.67323
494,0011/Happy/0011_000845.wav,0.57023
495,0011/Happy/0011_000846.wav,0.56225
496,0011/Happy/0011_000847.wav,0.61564
497,0011/Happy/0011_000848.wav,0.56791
498,0011/Happy/0011_000849.wav,0.63401
499,0011/Happy/0011_000850.wav,0.5822
500,0011/Happy/0011_000851.wav,0.48333
501,0011/Happy/0011_000852.wav,0.47529
502,0011/Happy/0011_000853.wav,0.60916
503,0011/Happy/0011_000854.wav,0.56627
504,0011/Happy/0011_000855.wav,0.56367
505,0011/Happy/0011_000856.wav,0.58914
506,0011/Happy/0011_000857.wav,0.58441
507,0011/Happy/0011_000858.wav,0.43258
508,0011/Happy/0011_000859.wav,0.67696
509,0011/Happy/0011_000860.wav,0.46115
510,0011/Happy/0011_000861.wav,0.60435
511,0011/Happy/0011_000862.wav,0.59417
512,0011/Happy/0011_000863.wav,0.62804
513,0011/Happy/0011_000864.wav,0.57497
514,0011/Happy/0011_000865.wav,0.65626
515,0011/Happy/0011_000866.wav,0.62048
516,0011/Happy/0011_000867.wav,0.53332
517,0011/Happy/0011_000868.wav,0.65037
518,0011/Happy/0011_000869.wav,0.709
519,0011/Happy/0011_000870.wav,0.49842
520,0011/Happy/0011_000871.wav,0.54697
521,0011/Happy/0011_000872.wav,0.62487
522,0011/Happy/0011_000873.wav,0.59632
523,0011/Happy/0011_000874.wav,0.74318
524,0011/Happy/0011_000875.wav,0.6989
525,0011/Happy/0011_000876.wav,0.56793
526,0011/Happy/0011_000877.wav,0.5397
527,0011/Happy/0011_000878.wav,0.53384
528,0011/Happy/0011_000879.wav,0.50154
529,0011/Happy/0011_000880.wav,0.46586
530,0011/Happy/0011_000881.wav,0.64098
531,0011/Happy/0011_000882.wav,0.64419
532,0011/Happy/0011_000883.wav,0.53551
533,0011/Happy/0011_000884.wav,0.48776
534,0011/Happy/0011_000885.wav,0.64424
535,0011/Happy/0011_000886.wav,0.4223
536,0011/Happy/0011_000887.wav,0.62621
537,0011/Happy/0011_000888.wav,0.5504
538,0011/Happy/0011_000889.wav,0.53348
539,0011/Happy/0011_000890.wav,0.62309
540,0011/Happy/0011_000891.wav,0.63281
541,0011/Happy/0011_000892.wav,0.56848
542,0011/Happy/0011_000893.wav,0.67533
543,0011/Happy/0011_000894.wav,0.47524
544,0011/Happy/0011_000895.wav,0.54862
545,0011/Happy/0011_000896.wav,0.63791
546,0011/Happy/0011_000897.wav,0.55796
547,0011/Happy/0011_000898.wav,0.39237
548,0011/Happy/0011_000899.wav,0.53052
549,0011/Happy/0011_000900.wav,0.55473
550,0011/Happy/0011_000901.wav,0.40263
551,0011/Happy/0011_000902.wav,0.8751
552,0011/Happy/0011_000903.wav,0.61184
553,0011/Happy/0011_000904.wav,0.71044
554,0011/Happy/0011_000905.wav,0.70601
555,0011/Happy/0011_000906.wav,0.60222
556,0011/Happy/0011_000907.wav,0.61572
557,0011/Happy/0011_000908.wav,0.62444
558,0011/Happy/0011_000909.wav,0.63921
559,0011/Happy/0011_000910.wav,0.60802
560,0011/Happy/0011_000911.wav,0.62587
561,0011/Happy/0011_000912.wav,0.5427
562,0011/Happy/0011_000913.wav,0.58677
563,0011/Happy/0011_000914.wav,0.66729
564,0011/Happy/0011_000915.wav,0.51974
565,0011/Happy/0011_000916.wav,0.66997
566,0011/Happy/0011_000917.wav,0.52193
567,0011/Happy/0011_000918.wav,0.46377
568,0011/Happy/0011_000919.wav,0.60729
569,0011/Happy/0011_000920.wav,0.57772
570,0011/Happy/0011_000921.wav,0.57768
571,0011/Happy/0011_000922.wav,0.52299
572,0011/Happy/0011_000923.wav,0.47646
573,0011/Happy/0011_000924.wav,0.62068
574,0011/Happy/0011_000925.wav,0.58552
575,0011/Happy/0011_000926.wav,0.48716
576,0011/Happy/0011_000927.wav,0.60182
577,0011/Happy/0011_000928.wav,0.71457
578,0011/Happy/0011_000929.wav,0.56884
579,0011/Happy/0011_000930.wav,0.54825
580,0011/Happy/0011_000931.wav,0.59676
581,0011/Happy/0011_000932.wav,0.47819
582,0011/Happy/0011_000933.wav,0.65759
583,0011/Happy/0011_000934.wav,1
584,0011/Happy/0011_000935.wav,0.54896
585,0011/Happy/0011_000936.wav,0.69805
586,0011/Happy/0011_000937.wav,0.50267
587,0011/Happy/0011_000938.wav,0.6593
588,0011/Happy/0011_000939.wav,0.55995
589,0011/Happy/0011_000940.wav,0.52847
590,0011/Happy/0011_000941.wav,0.75532
591,0011/Happy/0011_000942.wav,0.60342
592,0011/Happy/0011_000943.wav,0.58535
593,0011/Happy/0011_000944.wav,0.47833
594,0011/Happy/0011_000945.wav,0.57881
595,0011/Happy/0011_000946.wav,0.64131
596,0011/Happy/0011_000947.wav,0.69032
597,0011/Happy/0011_000948.wav,0.57214
598,0011/Happy/0011_000949.wav,0.5545
599,0011/Happy/0011_000950.wav,0.63468
600,0011/Happy/0011_000951.wav,0.47758
601,0011/Happy/0011_000952.wav,0.47797
602,0011/Happy/0011_000953.wav,0.67447
603,0011/Happy/0011_000954.wav,0.62117
604,0011/Happy/0011_000955.wav,0.49238
605,0011/Happy/0011_000956.wav,0.64728
606,0011/Happy/0011_000957.wav,0.71535
607,0011/Happy/0011_000958.wav,0.54924
608,0011/Happy/0011_000959.wav,0.61729
609,0011/Happy/0011_000960.wav,0.60201
610,0011/Happy/0011_000961.wav,0.74531
611,0011/Happy/0011_000962.wav,0.57791
612,0011/Happy/0011_000963.wav,0.27964
613,0011/Happy/0011_000964.wav,0.79723
614,0011/Happy/0011_000965.wav,0.68414
615,0011/Happy/0011_000966.wav,0.5906
616,0011/Happy/0011_000967.wav,0.47887
617,0011/Happy/0011_000968.wav,0.63038
618,0011/Happy/0011_000969.wav,0.68134
619,0011/Happy/0011_000970.wav,0.48083
620,0011/Happy/0011_000971.wav,0.64762
621,0011/Happy/0011_000972.wav,0.60304
622,0011/Happy/0011_000973.wav,0.79269
623,0011/Happy/0011_000974.wav,0.63186
624,0011/Happy/0011_000975.wav,0.47531
625,0011/Happy/0011_000976.wav,0.71224
626,0011/Happy/0011_000977.wav,0.56794
627,0011/Happy/0011_000978.wav,0.56506
628,0011/Happy/0011_000979.wav,0.7515
629,0011/Happy/0011_000980.wav,0.69129
630,0011/Happy/0011_000981.wav,0.50599
631,0011/Happy/0011_000982.wav,0.644
632,0011/Happy/0011_000983.wav,0.56367
633,0011/Happy/0011_000984.wav,0.57077
634,0011/Happy/0011_000985.wav,0.33547
635,0011/Happy/0011_000986.wav,0.62709
636,0011/Happy/0011_000987.wav,0.64721
637,0011/Happy/0011_000988.wav,0.65435
638,0011/Happy/0011_000989.wav,0.48137
639,0011/Happy/0011_000990.wav,0.65153
640,0011/Happy/0011_000991.wav,0.64106
641,0011/Happy/0011_000992.wav,0.5481
642,0011/Happy/0011_000993.wav,0.50657
643,0011/Happy/0011_000994.wav,0.54517
644,0011/Happy/0011_000995.wav,0.57744
645,0011/Happy/0011_000996.wav,0.88971
646,0011/Happy/0011_000997.wav,0.54057
647,0011/Happy/0011_000998.wav,0.58113
648,0011/Happy/0011_000999.wav,0.59489
649,0011/Happy/0011_001000.wav,0.5896
650,0011/Happy/0011_001001.wav,0.63469
651,0011/Happy/0011_001002.wav,0.68474
652,0011/Happy/0011_001003.wav,0.59446
653,0011/Happy/0011_001004.wav,0.67866
654,0011/Happy/0011_001005.wav,0.55733
655,0011/Happy/0011_001006.wav,0.60569
656,0011/Happy/0011_001007.wav,0.38262
657,0011/Happy/0011_001008.wav,0.55411
658,0011/Happy/0011_001009.wav,0.46202
659,0011/Happy/0011_001010.wav,0.6278
660,0011/Happy/0011_001011.wav,0.51221
661,0011/Happy/0011_001012.wav,0.56249
662,0011/Happy/0011_001013.wav,0.50626
663,0011/Happy/0011_001014.wav,0.72753
664,0011/Happy/0011_001015.wav,0.6977
665,0011/Happy/0011_001016.wav,0.54709
666,0011/Happy/0011_001017.wav,0.54369
667,0011/Happy/0011_001018.wav,0.63563
668,0011/Happy/0011_001019.wav,0.55831
669,0011/Happy/0011_001020.wav,0.60021
670,0011/Happy/0011_001021.wav,0.76681
671,0011/Happy/0011_001022.wav,0.47975
672,0011/Happy/0011_001023.wav,0.76363
673,0011/Happy/0011_001024.wav,0.55573
674,0011/Happy/0011_001025.wav,0.50373
675,0011/Happy/0011_001026.wav,0.79708
676,0011/Happy/0011_001027.wav,0.57359
677,0011/Happy/0011_001028.wav,0.5438
678,0011/Happy/0011_001029.wav,0.53279
679,0011/Happy/0011_001030.wav,0.76113
680,0011/Happy/0011_001031.wav,0.59782
681,0011/Happy/0011_001032.wav,0.6269
682,0011/Happy/0011_001033.wav,0.49536
683,0011/Happy/0011_001034.wav,0.72355
684,0011/Happy/0011_001035.wav,0.66083
685,0011/Happy/0011_001036.wav,0.58188
686,0011/Happy/0011_001037.wav,0.50409
687,0011/Happy/0011_001038.wav,0.55347
688,0011/Happy/0011_001039.wav,0.61132
689,0011/Happy/0011_001040.wav,0.64635
690,0011/Happy/0011_001041.wav,0.56256
691,0011/Happy/0011_001042.wav,0.56973
692,0011/Happy/0011_001043.wav,0.40313
693,0011/Happy/0011_001044.wav,0.47634
694,0011/Happy/0011_001045.wav,0.64164
695,0011/Happy/0011_001046.wav,0.56636
696,0011/Happy/0011_001047.wav,0.55992
697,0011/Happy/0011_001048.wav,0.56468
698,0011/Happy/0011_001049.wav,0.63868
699,0011/Happy/0011_001050.wav,0.77773
700,0011/Sad/0011_001051.wav,0.57962
701,0011/Sad/0011_001052.wav,0.62476
702,0011/Sad/0011_001053.wav,0.60438
703,0011/Sad/0011_001054.wav,0.60797
704,0011/Sad/0011_001055.wav,0.60652
705,0011/Sad/0011_001056.wav,0.45985
706,0011/Sad/0011_001057.wav,0.60795
707,0011/Sad/0011_001058.wav,0.60946
708,0011/Sad/0011_001059.wav,0.60636
709,0011/Sad/0011_001060.wav,0.44966
710,0011/Sad/0011_001061.wav,0.73605
711,0011/Sad/0011_001062.wav,0.66824
712,0011/Sad/0011_001063.wav,0.65791
713,0011/Sad/0011_001064.wav,0.81443
714,0011/Sad/0011_001065.wav,0.77349
715,0011/Sad/0011_001066.wav,0.70153
716,0011/Sad/0011_001067.wav,0.60934
717,0011/Sad/0011_001068.wav,0.83583
718,0011/Sad/0011_001069.wav,0.60971
719,0011/Sad/0011_001070.wav,0.68144
720,0011/Sad/0011_001071.wav,0.7503
721,0011/Sad/0011_001072.wav,0.85616
722,0011/Sad/0011_001073.wav,0.7223
723,0011/Sad/0011_001074.wav,0.61481
724,0011/Sad/0011_001075.wav,0.58826
725,0011/Sad/0011_001076.wav,0.61808
726,0011/Sad/0011_001077.wav,0.7496
727,0011/Sad/0011_001078.wav,0.81335
728,0011/Sad/0011_001079.wav,0.64997
729,0011/Sad/0011_001080.wav,0.70837
730,0011/Sad/0011_001081.wav,0.62062
731,0011/Sad/0011_001082.wav,0.93127
732,0011/Sad/0011_001083.wav,0.70621
733,0011/Sad/0011_001084.wav,0.77448
734,0011/Sad/0011_001085.wav,0.73356
735,0011/Sad/0011_001086.wav,0.62558
736,0011/Sad/0011_001087.wav,0.75246
737,0011/Sad/0011_001088.wav,0.72691
738,0011/Sad/0011_001089.wav,0.64662
739,0011/Sad/0011_001090.wav,0.6468
740,0011/Sad/0011_001091.wav,0.685
741,0011/Sad/0011_001092.wav,0.7745
742,0011/Sad/0011_001093.wav,0.67724
743,0011/Sad/0011_001094.wav,0.6156
744,0011/Sad/0011_001095.wav,0.61886
745,0011/Sad/0011_001096.wav,0.9079
746,0011/Sad/0011_001097.wav,0.72678
747,0011/Sad/0011_001098.wav,0.79736
748,0011/Sad/0011_001099.wav,0.90065
749,0011/Sad/0011_001100.wav,0.75478
750,0011/Sad/0011_001101.wav,0.75764
751,0011/Sad/0011_001102.wav,0.83595
752,0011/Sad/0011_001103.wav,0.61991
753,0011/Sad/0011_001104.wav,0.82934
754,0011/Sad/0011_001105.wav,0.79988
755,0011/Sad/0011_001106.wav,0.67419
756,0011/Sad/0011_001107.wav,0.82176
757,0011/Sad/0011_001108.wav,0.48215
758,0011/Sad/0011_001109.wav,0.81451
759,0011/Sad/0011_001110.wav,0.6101
760,0011/Sad/0011_001111.wav,0.75736
761,0011/Sad/0011_001112.wav,0.70509
762,0011/Sad/0011_001113.wav,0.69884
763,0011/Sad/0011_001114.wav,0.70365
764,0011/Sad/0011_001115.wav,0.61026
765,0011/Sad/0011_001116.wav,0.60979
766,0011/Sad/0011_001117.wav,0.59614
767,0011/Sad/0011_001118.wav,0.79798
768,0011/Sad/0011_001119.wav,0.70835
769,0011/Sad/0011_001120.wav,0.6177
770,0011/Sad/0011_001121.wav,0.6627
771,0011/Sad/0011_001122.wav,0.62346
772,0011/Sad/0011_001123.wav,0.64913
773,0011/Sad/0011_001124.wav,0.62612
774,0011/Sad/0011_001125.wav,0.66413
775,0011/Sad/0011_001126.wav,0.56478
776,0011/Sad/0011_001127.wav,0.57622
777,0011/Sad/0011_001128.wav,0.7802
778,0011/Sad/0011_001129.wav,0.81062
779,0011/Sad/0011_001130.wav,0.50708
780,0011/Sad/0011_001131.wav,0.63991
781,0011/Sad/0011_001132.wav,0.58521
782,0011/Sad/0011_001133.wav,0.72823
783,0011/Sad/0011_001134.wav,0.65634
784,0011/Sad/0011_001135.wav,0.63385
785,0011/Sad/0011_001136.wav,0.76621
786,0011/Sad/0011_001137.wav,0.6337
787,0011/Sad/0011_001138.wav,0.71632
788,0011/Sad/0011_001139.wav,0.61275
789,0011/Sad/0011_001140.wav,0.6853
790,0011/Sad/0011_001141.wav,0.62234
791,0011/Sad/0011_001142.wav,0.61961
792,0011/Sad/0011_001143.wav,0.60682
793,0011/Sad/0011_001144.wav,0.65495
794,0011/Sad/0011_001145.wav,0.70643
795,0011/Sad/0011_001146.wav,0.62661
796,0011/Sad/0011_001147.wav,0.49556
797,0011/Sad/0011_001148.wav,0.61618
798,0011/Sad/0011_001149.wav,0.68824
799,0011/Sad/0011_001150.wav,0.75481
800,0011/Sad/0011_001151.wav,0.62264
801,0011/Sad/0011_001152.wav,0.6534
802,0011/Sad/0011_001153.wav,0.70907
803,0011/Sad/0011_001154.wav,0.71208
804,0011/Sad/0011_001155.wav,0.51878
805,0011/Sad/0011_001156.wav,0.59793
806,0011/Sad/0011_001157.wav,0.61328
807,0011/Sad/0011_001158.wav,0.62358
808,0011/Sad/0011_001159.wav,0.77428
809,0011/Sad/0011_001160.wav,0.79249
810,0011/Sad/0011_001161.wav,0.41864
811,0011/Sad/0011_001162.wav,0.70002
812,0011/Sad/0011_001163.wav,0.35574
813,0011/Sad/0011_001164.wav,0.64566
814,0011/Sad/0011_001165.wav,0.61795
815,0011/Sad/0011_001166.wav,0.64437
816,0011/Sad/0011_001167.wav,0.69925
817,0011/Sad/0011_001168.wav,0.53575
818,0011/Sad/0011_001169.wav,0.60909
819,0011/Sad/0011_001170.wav,0.7321
820,0011/Sad/0011_001171.wav,0.44128
821,0011/Sad/0011_001172.wav,0.56929
822,0011/Sad/0011_001173.wav,0.56601
823,0011/Sad/0011_001174.wav,0.62529
824,0011/Sad/0011_001175.wav,0.60975
825,0011/Sad/0011_001176.wav,0.61657
826,0011/Sad/0011_001177.wav,0.61792
827,0011/Sad/0011_001178.wav,0.8052
828,0011/Sad/0011_001179.wav,0.72581
829,0011/Sad/0011_001180.wav,0.56745
830,0011/Sad/0011_001181.wav,0.66112
831,0011/Sad/0011_001182.wav,0.69074
832,0011/Sad/0011_001183.wav,0.70706
833,0011/Sad/0011_001184.wav,0.53166
834,0011/Sad/0011_001185.wav,0.68562
835,0011/Sad/0011_001186.wav,0.87015
836,0011/Sad/0011_001187.wav,0.61263
837,0011/Sad/0011_001188.wav,0.6037
838,0011/Sad/0011_001189.wav,0.70949
839,0011/Sad/0011_001190.wav,0.61176
840,0011/Sad/0011_001191.wav,0.73955
841,0011/Sad/0011_001192.wav,0.83652
842,0011/Sad/0011_001193.wav,0.62015
843,0011/Sad/0011_001194.wav,0.77554
844,0011/Sad/0011_001195.wav,0.68326
845,0011/Sad/0011_001196.wav,0.65792
846,0011/Sad/0011_001197.wav,0.74695
847,0011/Sad/0011_001198.wav,0.85194
848,0011/Sad/0011_001199.wav,0.71006
849,0011/Sad/0011_001200.wav,0.70707
850,0011/Sad/0011_001201.wav,0.80324
851,0011/Sad/0011_001202.wav,0.61639
852,0011/Sad/0011_001203.wav,0.62181
853,0011/Sad/0011_001204.wav,0.76547
854,0011/Sad/0011_001205.wav,0.72538
855,0011/Sad/0011_001206.wav,0.60599
856,0011/Sad/0011_001207.wav,0.8185
857,0011/Sad/0011_001208.wav,0.65769
858,0011/Sad/0011_001209.wav,0.81106
859,0011/Sad/0011_001210.wav,0.69537
860,0011/Sad/0011_001211.wav,0.50435
861,0011/Sad/0011_001212.wav,0.5999
862,0011/Sad/0011_001213.wav,0.63604
863,0011/Sad/0011_001214.wav,0.62629
864,0011/Sad/0011_001215.wav,0.50568
865,0011/Sad/0011_001216.wav,0.69193
866,0011/Sad/0011_001217.wav,0.4596
867,0011/Sad/0011_001218.wav,0.48007
868,0011/Sad/0011_001219.wav,0.89461
869,0011/Sad/0011_001220.wav,0.53732
870,0011/Sad/0011_001221.wav,0.85491
871,0011/Sad/0011_001222.wav,0.59093
872,0011/Sad/0011_001223.wav,0.59529
873,0011/Sad/0011_001224.wav,0.88799
874,0011/Sad/0011_001225.wav,0.69812
875,0011/Sad/0011_001226.wav,0.69282
876,0011/Sad/0011_001227.wav,0.63995
877,0011/Sad/0011_001228.wav,0.58303
878,0011/Sad/0011_001229.wav,0.60677
879,0011/Sad/0011_001230.wav,0.59505
880,0011/Sad/0011_001231.wav,0.60556
881,0011/Sad/0011_001232.wav,0.61777
882,0011/Sad/0011_001233.wav,0.57627
883,0011/Sad/0011_001234.wav,0.61891
884,0011/Sad/0011_001235.wav,0.71494
885,0011/Sad/0011_001236.wav,0.72984
886,0011/Sad/0011_001237.wav,0.6007
887,0011/Sad/0011_001238.wav,0.61976
888,0011/Sad/0011_001239.wav,0.67992
889,0011/Sad/0011_001240.wav,0.81255
890,0011/Sad/0011_001241.wav,0.73409
891,0011/Sad/0011_001242.wav,0.69313
892,0011/Sad/0011_001243.wav,0.72804
893,0011/Sad/0011_001244.wav,0.63433
894,0011/Sad/0011_001245.wav,0.61713
895,0011/Sad/0011_001246.wav,0.6546
896,0011/Sad/0011_001247.wav,0.62843
897,0011/Sad/0011_001248.wav,0.77104
898,0011/Sad/0011_001249.wav,0.69394
899,0011/Sad/0011_001250.wav,0.52885
900,0011/Sad/0011_001251.wav,0.53143
901,0011/Sad/0011_001252.wav,0.60841
902,0011/Sad/0011_001253.wav,0.62211
903,0011/Sad/0011_001254.wav,0.74422
904,0011/Sad/0011_001255.wav,0.86859
905,0011/Sad/0011_001256.wav,0.82212
906,0011/Sad/0011_001257.wav,0.94494
907,0011/Sad/0011_001258.wav,0.68656
908,0011/Sad/0011_001259.wav,0.67108
909,0011/Sad/0011_001260.wav,0.86416
910,0011/Sad/0011_001261.wav,0.68115
911,0011/Sad/0011_001262.wav,0.823
912,0011/Sad/0011_001263.wav,0.73426
913,0011/Sad/0011_001264.wav,0.64247
914,0011/Sad/0011_001265.wav,0.66511
915,0011/Sad/0011_001266.wav,0.40611
916,0011/Sad/0011_001267.wav,0.60338
917,0011/Sad/0011_001268.wav,0.79003
918,0011/Sad/0011_001269.wav,0.6933
919,0011/Sad/0011_001270.wav,0.64133
920,0011/Sad/0011_001271.wav,0.62504
921,0011/Sad/0011_001272.wav,0.75961
922,0011/Sad/0011_001273.wav,0.96983
923,0011/Sad/0011_001274.wav,0.74463
924,0011/Sad/0011_001275.wav,0.62156
925,0011/Sad/0011_001276.wav,0.74124
926,0011/Sad/0011_001277.wav,0.74803
927,0011/Sad/0011_001278.wav,0.64732
928,0011/Sad/0011_001279.wav,0.61724
929,0011/Sad/0011_001280.wav,0.72109
930,0011/Sad/0011_001281.wav,0.61311
931,0011/Sad/0011_001282.wav,0.61183
932,0011/Sad/0011_001283.wav,0.61277
933,0011/Sad/0011_001284.wav,0.73485
934,0011/Sad/0011_001285.wav,0.79919
935,0011/Sad/0011_001286.wav,0.73505
936,0011/Sad/0011_001287.wav,0.77646
937,0011/Sad/0011_001288.wav,0.87848
938,0011/Sad/0011_001289.wav,0.6324
939,0011/Sad/0011_001290.wav,0.57839
940,0011/Sad/0011_001291.wav,0.61366
941,0011/Sad/0011_001292.wav,0.64799
942,0011/Sad/0011_001293.wav,0.62201
943,0011/Sad/0011_001294.wav,0.61826
944,0011/Sad/0011_001295.wav,0.61636
945,0011/Sad/0011_001296.wav,0.6063
946,0011/Sad/0011_001297.wav,0.85171
947,0011/Sad/0011_001298.wav,0.75604
948,0011/Sad/0011_001299.wav,0.75513
949,0011/Sad/0011_001300.wav,0.66856
950,0011/Sad/0011_001301.wav,0.67831
951,0011/Sad/0011_001302.wav,0.76032
952,0011/Sad/0011_001303.wav,0.61092
953,0011/Sad/0011_001304.wav,0.61158
954,0011/Sad/0011_001305.wav,0.62876
955,0011/Sad/0011_001306.wav,0.78131
956,0011/Sad/0011_001307.wav,0.5248
957,0011/Sad/0011_001308.wav,0.78444
958,0011/Sad/0011_001309.wav,0.70033
959,0011/Sad/0011_001310.wav,0.71711
960,0011/Sad/0011_001311.wav,0.71157
961,0011/Sad/0011_001312.wav,0.69158
962,0011/Sad/0011_001313.wav,0.50426
963,0011/Sad/0011_001314.wav,0.88732
964,0011/Sad/0011_001315.wav,0.68337
965,0011/Sad/0011_001316.wav,0.73225
966,0011/Sad/0011_001317.wav,0.69426
967,0011/Sad/0011_001318.wav,0.60989
968,0011/Sad/0011_001319.wav,0.57664
969,0011/Sad/0011_001320.wav,0.60173
970,0011/Sad/0011_001321.wav,0.68904
971,0011/Sad/0011_001322.wav,0.56127
972,0011/Sad/0011_001323.wav,0.91414
973,0011/Sad/0011_001324.wav,0.75379
974,0011/Sad/0011_001325.wav,0.61856
975,0011/Sad/0011_001326.wav,0.65116
976,0011/Sad/0011_001327.wav,0.70098
977,0011/Sad/0011_001328.wav,0.71279
978,0011/Sad/0011_001329.wav,0.68559
979,0011/Sad/0011_001330.wav,0.75584
980,0011/Sad/0011_001331.wav,0.63998
981,0011/Sad/0011_001332.wav,0.60475
982,0011/Sad/0011_001333.wav,0.67386
983,0011/Sad/0011_001334.wav,0.60722
984,0011/Sad/0011_001335.wav,0.50007
985,0011/Sad/0011_001336.wav,0.78301
986,0011/Sad/0011_001337.wav,0.68947
987,0011/Sad/0011_001338.wav,0.69843
988,0011/Sad/0011_001339.wav,0.69325
989,0011/Sad/0011_001340.wav,0.72943
990,0011/Sad/0011_001341.wav,0.89962
991,0011/Sad/0011_001342.wav,0.68636
992,0011/Sad/0011_001343.wav,0.6228
993,0011/Sad/0011_001344.wav,1
994,0011/Sad/0011_001345.wav,0.70568
995,0011/Sad/0011_001346.wav,0.6159
996,0011/Sad/0011_001347.wav,0.62499
997,0011/Sad/0011_001348.wav,0.75617
998,0011/Sad/0011_001349.wav,0.66148
999,0011/Sad/0011_001350.wav,0.55155
1000,0011/Sad/0011_001351.wav,0.74413
1001,0011/Sad/0011_001352.wav,0.49277
1002,0011/Sad/0011_001353.wav,0.67072
1003,0011/Sad/0011_001354.wav,0.6896
1004,0011/Sad/0011_001355.wav,0.77285
1005,0011/Sad/0011_001356.wav,0.60618
1006,0011/Sad/0011_001357.wav,0.76369
1007,0011/Sad/0011_001358.wav,0.57972
1008,0011/Sad/0011_001359.wav,0.59215
1009,0011/Sad/0011_001360.wav,0.61381
1010,0011/Sad/0011_001361.wav,0.63338
1011,0011/Sad/0011_001362.wav,0.6527
1012,0011/Sad/0011_001363.wav,0.79291
1013,0011/Sad/0011_001364.wav,0.64857
1014,0011/Sad/0011_001365.wav,0.62038
1015,0011/Sad/0011_001366.wav,0.62138
1016,0011/Sad/0011_001367.wav,0.67551
1017,0011/Sad/0011_001368.wav,0.56988
1018,0011/Sad/0011_001369.wav,0.73802
1019,0011/Sad/0011_001370.wav,0.50026
1020,0011/Sad/0011_001371.wav,0.61776
1021,0011/Sad/0011_001372.wav,0.7581
1022,0011/Sad/0011_001373.wav,0.45101
1023,0011/Sad/0011_001374.wav,0.62329
1024,0011/Sad/0011_001375.wav,0.61235
1025,0011/Sad/0011_001376.wav,0.63844
1026,0011/Sad/0011_001377.wav,0.6536
1027,0011/Sad/0011_001378.wav,0.60047
1028,0011/Sad/0011_001379.wav,0.61589
1029,0011/Sad/0011_001380.wav,0.67607
1030,0011/Sad/0011_001381.wav,0.71256
1031,0011/Sad/0011_001382.wav,0.62055
1032,0011/Sad/0011_001383.wav,0.62396
1033,0011/Sad/0011_001384.wav,0.6229
1034,0011/Sad/0011_001385.wav,0.69191
1035,0011/Sad/0011_001386.wav,0.71379
1036,0011/Sad/0011_001387.wav,0.597
1037,0011/Sad/0011_001388.wav,0.6029
1038,0011/Sad/0011_001389.wav,0.68813
1039,0011/Sad/0011_001390.wav,0.78169
1040,0011/Sad/0011_001391.wav,0.6391
1041,0011/Sad/0011_001392.wav,0.83346
1042,0011/Sad/0011_001393.wav,0.5236
1043,0011/Sad/0011_001394.wav,0.76356
1044,0011/Sad/0011_001395.wav,0.73763
1045,0011/Sad/0011_001396.wav,0.76978
1046,0011/Sad/0011_001397.wav,0.7429
1047,0011/Sad/0011_001398.wav,0.75782
1048,0011/Sad/0011_001399.wav,0.73181
1049,0011/Sad/0011_001400.wav,0.63394
1050,0011/Surprise/0011_001401.wav,0.71198
1051,0011/Surprise/0011_001402.wav,0.55186
1052,0011/Surprise/0011_001403.wav,0.66504
1053,0011/Surprise/0011_001404.wav,0.6837
1054,0011/Surprise/0011_001405.wav,0.71923
1055,0011/Surprise/0011_001406.wav,0.61651
1056,0011/Surprise/0011_001407.wav,0.68954
1057,0011/Surprise/0011_001408.wav,0.60277
1058,0011/Surprise/0011_001409.wav,0.59158
1059,0011/Surprise/0011_001410.wav,0.55468
1060,0011/Surprise/0011_001411.wav,0.59132
1061,0011/Surprise/0011_001412.wav,0.71275
1062,0011/Surprise/0011_001413.wav,0.66843
1063,0011/Surprise/0011_001414.wav,0.59686
1064,0011/Surprise/0011_001415.wav,0.7517
1065,0011/Surprise/0011_001416.wav,0.81322
1066,0011/Surprise/0011_001417.wav,0.87475
1067,0011/Surprise/0011_001418.wav,0.77743
1068,0011/Surprise/0011_001419.wav,0.68545
1069,0011/Surprise/0011_001420.wav,0.68799
1070,0011/Surprise/0011_001421.wav,0.72839
1071,0011/Surprise/0011_001422.wav,0.77187
1072,0011/Surprise/0011_001423.wav,0.81296
1073,0011/Surprise/0011_001424.wav,0.58097
1074,0011/Surprise/0011_001425.wav,0.53642
1075,0011/Surprise/0011_001426.wav,0.54901
1076,0011/Surprise/0011_001427.wav,0.41661
1077,0011/Surprise/0011_001428.wav,0.63139
1078,0011/Surprise/0011_001429.wav,0.62972
1079,0011/Surprise/0011_001430.wav,0.60579
1080,0011/Surprise/0011_001431.wav,0.75147
1081,0011/Surprise/0011_001432.wav,0.74649
1082,0011/Surprise/0011_001433.wav,0.72998
1083,0011/Surprise/0011_001434.wav,0.5978
1084,0011/Surprise/0011_001435.wav,0.65694
1085,0011/Surprise/0011_001436.wav,0.74534
1086,0011/Surprise/0011_001437.wav,0.61292
1087,0011/Surprise/0011_001438.wav,0.67714
1088,0011/Surprise/0011_001439.wav,0.7296
1089,0011/Surprise/0011_001440.wav,0.67793
1090,0011/Surprise/0011_001441.wav,0.71549
1091,0011/Surprise/0011_001442.wav,0.8327
1092,0011/Surprise/0011_001443.wav,0.62675
1093,0011/Surprise/0011_001444.wav,0.7395
1094,0011/Surprise/0011_001445.wav,0.61653
1095,0011/Surprise/0011_001446.wav,0.54543
1096,0011/Surprise/0011_001447.wav,0.61616
1097,0011/Surprise/0011_001448.wav,0.62479
1098,0011/Surprise/0011_001449.wav,0.60603
1099,0011/Surprise/0011_001450.wav,0.54585
1100,0011/Surprise/0011_001451.wav,0.59909
1101,0011/Surprise/0011_001452.wav,0.59496
1102,0011/Surprise/0011_001453.wav,0.93605
1103,0011/Surprise/0011_001454.wav,0.78697
1104,0011/Surprise/0011_001455.wav,0.59475
1105,0011/Surprise/0011_001456.wav,0.96257
1106,0011/Surprise/0011_001457.wav,0.59765
1107,0011/Surprise/0011_001458.wav,0.65924
1108,0011/Surprise/0011_001459.wav,0.65837
1109,0011/Surprise/0011_001460.wav,0.59225
1110,0011/Surprise/0011_001461.wav,0.69652
1111,0011/Surprise/0011_001462.wav,0.56576
1112,0011/Surprise/0011_001463.wav,0.73627
1113,0011/Surprise/0011_001464.wav,0.65832
1114,0011/Surprise/0011_001465.wav,0.7746
1115,0011/Surprise/0011_001466.wav,0.67674
1116,0011/Surprise/0011_001467.wav,0.71486
1117,0011/Surprise/0011_001468.wav,0.54744
1118,0011/Surprise/0011_001469.wav,0.59043
1119,0011/Surprise/0011_001470.wav,0.84077
1120,0011/Surprise/0011_001471.wav,0.59284
1121,0011/Surprise/0011_001472.wav,0.5958
1122,0011/Surprise/0011_001473.wav,0.68435
1123,0011/Surprise/0011_001474.wav,0.85583
1124,0011/Surprise/0011_001475.wav,0.72762
1125,0011/Surprise/0011_001476.wav,0.60728
1126,0011/Surprise/0011_001477.wav,0.79061
1127,0011/Surprise/0011_001478.wav,0.71481
1128,0011/Surprise/0011_001479.wav,0.81188
1129,0011/Surprise/0011_001480.wav,0.78171
1130,0011/Surprise/0011_001481.wav,0.79676
1131,0011/Surprise/0011_001482.wav,0.74791
1132,0011/Surprise/0011_001483.wav,0.71111
1133,0011/Surprise/0011_001484.wav,0.64264
1134,0011/Surprise/0011_001485.wav,0.7086
1135,0011/Surprise/0011_001486.wav,0.59633
1136,0011/Surprise/0011_001487.wav,0.70161
1137,0011/Surprise/0011_001488.wav,0.64318
1138,0011/Surprise/0011_001489.wav,1
1139,0011/Surprise/0011_001490.wav,0.81631
1140,0011/Surprise/0011_001491.wav,0.64044
1141,0011/Surprise/0011_001492.wav,0.9239
1142,0011/Surprise/0011_001493.wav,0.78115
1143,0011/Surprise/0011_001494.wav,0.75452
1144,0011/Surprise/0011_001495.wav,0.78002
1145,0011/Surprise/0011_001496.wav,0.60134
1146,0011/Surprise/0011_001497.wav,0.67204
1147,0011/Surprise/0011_001498.wav,0.59352
1148,0011/Surprise/0011_001499.wav,0.6918
1149,0011/Surprise/0011_001500.wav,0.58861
1150,0011/Surprise/0011_001501.wav,0.82745
1151,0011/Surprise/0011_001502.wav,0.60329
1152,0011/Surprise/0011_001503.wav,0.67853
1153,0011/Surprise/0011_001504.wav,0.6731
1154,0011/Surprise/0011_001505.wav,0.70277
1155,0011/Surprise/0011_001506.wav,0.654
1156,0011/Surprise/0011_001507.wav,0.6314
1157,0011/Surprise/0011_001508.wav,0.90505
1158,0011/Surprise/0011_001509.wav,0.7562
1159,0011/Surprise/0011_001510.wav,0.79195
1160,0011/Surprise/0011_001511.wav,0.70009
1161,0011/Surprise/0011_001512.wav,0.59606
1162,0011/Surprise/0011_001513.wav,0.69373
1163,0011/Surprise/0011_001514.wav,0.90565
1164,0011/Surprise/0011_001515.wav,0.66213
1165,0011/Surprise/0011_001516.wav,0.63079
1166,0011/Surprise/0011_001517.wav,0.79708
1167,0011/Surprise/0011_001518.wav,0.70193
1168,0011/Surprise/0011_001519.wav,0.61809
1169,0011/Surprise/0011_001520.wav,0.72299
1170,0011/Surprise/0011_001521.wav,0.72365
1171,0011/Surprise/0011_001522.wav,0.66128
1172,0011/Surprise/0011_001523.wav,0.7114
1173,0011/Surprise/0011_001524.wav,0.69281
1174,0011/Surprise/0011_001525.wav,0.78052
1175,0011/Surprise/0011_001526.wav,0.74113
1176,0011/Surprise/0011_001527.wav,0.64012
1177,0011/Surprise/0011_001528.wav,0.64239
1178,0011/Surprise/0011_001529.wav,0.69566
1179,0011/Surprise/0011_001530.wav,0.79479
1180,0011/Surprise/0011_001531.wav,0.58924
1181,0011/Surprise/0011_001532.wav,0.74537
1182,0011/Surprise/0011_001533.wav,0.59584
1183,0011/Surprise/0011_001534.wav,0.83622
1184,0011/Surprise/0011_001535.wav,0.73615
1185,0011/Surprise/0011_001536.wav,0.80557
1186,0011/Surprise/0011_001537.wav,0.64777
1187,0011/Surprise/0011_001538.wav,0.71256
1188,0011/Surprise/0011_001539.wav,0.7121
1189,0011/Surprise/0011_001540.wav,0.59903
1190,0011/Surprise/0011_001541.wav,0.82904
1191,0011/Surprise/0011_001542.wav,0.7038
1192,0011/Surprise/0011_001543.wav,0.69783
1193,0011/Surprise/0011_001544.wav,0.78377
1194,0011/Surprise/0011_001545.wav,0.61409
1195,0011/Surprise/0011_001546.wav,0.7681
1196,0011/Surprise/0011_001547.wav,0.70783
1197,0011/Surprise/0011_001548.wav,0.70389
1198,0011/Surprise/0011_001549.wav,0.84551
1199,0011/Surprise/0011_001550.wav,0.59533
1200,0011/Surprise/0011_001551.wav,0.85633
1201,0011/Surprise/0011_001552.wav,0.66142
1202,0011/Surprise/0011_001553.wav,0.69254
1203,0011/Surprise/0011_001554.wav,0.65246
1204,0011/Surprise/0011_001555.wav,0.80731
1205,0011/Surprise/0011_001556.wav,0.75077
1206,0011/Surprise/0011_001557.wav,0.64108
1207,0011/Surprise/0011_001558.wav,0.67573
1208,0011/Surprise/0011_001559.wav,0.71695
1209,0011/Surprise/0011_001560.wav,0.58416
1210,0011/Surprise/0011_001561.wav,0.69491
1211,0011/Surprise/0011_001562.wav,0.79259
1212,0011/Surprise/0011_001563.wav,0.6357
1213,0011/Surprise/0011_001564.wav,0.63305
1214,0011/Surprise/0011_001565.wav,0.77221
1215,0011/Surprise/0011_001566.wav,0.59852
1216,0011/Surprise/0011_001567.wav,0.68745
1217,0011/Surprise/0011_001568.wav,0.75971
1218,0011/Surprise/0011_001569.wav,0.76098
1219,0011/Surprise/0011_001570.wav,0.51296
1220,0011/Surprise/0011_001571.wav,0.71134
1221,0011/Surprise/0011_001572.wav,0.6339
1222,0011/Surprise/0011_001573.wav,0.6541
1223,0011/Surprise/0011_001574.wav,0.84311
1224,0011/Surprise/0011_001575.wav,0.77395
1225,0011/Surprise/0011_001576.wav,0.61784
1226,0011/Surprise/0011_001577.wav,0.80002
1227,0011/Surprise/0011_001578.wav,0.77276
1228,0011/Surprise/0011_001579.wav,0.66187
1229,0011/Surprise/0011_001580.wav,0.69039
1230,0011/Surprise/0011_001581.wav,0.71259
1231,0011/Surprise/0011_001582.wav,0.71779
1232,0011/Surprise/0011_001583.wav,0.68402
1233,0011/Surprise/0011_001584.wav,0.76168
1234,0011/Surprise/0011_001585.wav,0.72299
1235,0011/Surprise/0011_001586.wav,0.82552
1236,0011/Surprise/0011_001587.wav,0.83653
1237,0011/Surprise/0011_001588.wav,0.80613
1238,0011/Surprise/0011_001589.wav,0.6753
1239,0011/Surprise/0011_001590.wav,0.78936
1240,0011/Surprise/0011_001591.wav,0.75762
1241,0011/Surprise/0011_001592.wav,0.6577
1242,0011/Surprise/0011_001593.wav,0.74555
1243,0011/Surprise/0011_001594.wav,0.66352
1244,0011/Surprise/0011_001595.wav,0.64585
1245,0011/Surprise/0011_001596.wav,0.76258
1246,0011/Surprise/0011_001597.wav,0.68683
1247,0011/Surprise/0011_001598.wav,0.72177
1248,0011/Surprise/0011_001599.wav,0.58845
1249,0011/Surprise/0011_001600.wav,0.71816
1250,0011/Surprise/0011_001601.wav,0.73302
1251,0011/Surprise/0011_001602.wav,0.58433
1252,0011/Surprise/0011_001603.wav,0.79407
1253,0011/Surprise/0011_001604.wav,0.66832
1254,0011/Surprise/0011_001605.wav,0.77183
1255,0011/Surprise/0011_001606.wav,0.75775
1256,0011/Surprise/0011_001607.wav,0.86416
1257,0011/Surprise/0011_001608.wav,0.61696
1258,0011/Surprise/0011_001609.wav,0.69572
1259,0011/Surprise/0011_001610.wav,0.75065
1260,0011/Surprise/0011_001611.wav,0.66672
1261,0011/Surprise/0011_001612.wav,0.45075
1262,0011/Surprise/0011_001613.wav,0.60243
1263,0011/Surprise/0011_001614.wav,0.89262
1264,0011/Surprise/0011_001615.wav,0.72445
1265,0011/Surprise/0011_001616.wav,0.605
1266,0011/Surprise/0011_001617.wav,0.71418
1267,0011/Surprise/0011_001618.wav,0.63539
1268,0011/Surprise/0011_001619.wav,0.66622
1269,0011/Surprise/0011_001620.wav,0.60058
1270,0011/Surprise/0011_001621.wav,0.76629
1271,0011/Surprise/0011_001622.wav,0.63851
1272,0011/Surprise/0011_001623.wav,0.5985
1273,0011/Surprise/0011_001624.wav,0.68531
1274,0011/Surprise/0011_001625.wav,0.69578
1275,0011/Surprise/0011_001626.wav,0.79219
1276,0011/Surprise/0011_001627.wav,0.72541
1277,0011/Surprise/0011_001628.wav,0.61561
1278,0011/Surprise/0011_001629.wav,0.71503
1279,0011/Surprise/0011_001630.wav,0.73836
1280,0011/Surprise/0011_001631.wav,0.63518
1281,0011/Surprise/0011_001632.wav,0.72607
1282,0011/Surprise/0011_001633.wav,0.9188
1283,0011/Surprise/0011_001634.wav,0.85733
1284,0011/Surprise/0011_001635.wav,0.72888
1285,0011/Surprise/0011_001636.wav,0.83811
1286,0011/Surprise/0011_001637.wav,0.68146
1287,0011/Surprise/0011_001638.wav,0.73213
1288,0011/Surprise/0011_001639.wav,0.69587
1289,0011/Surprise/0011_001640.wav,0.65325
1290,0011/Surprise/0011_001641.wav,0.82899
1291,0011/Surprise/0011_001642.wav,0.80284
1292,0011/Surprise/0011_001643.wav,0.62058
1293,0011/Surprise/0011_001644.wav,0.70668
1294,0011/Surprise/0011_001645.wav,0.60068
1295,0011/Surprise/0011_001646.wav,0.64358
1296,0011/Surprise/0011_001647.wav,0.6992
1297,0011/Surprise/0011_001648.wav,0.67891
1298,0011/Surprise/0011_001649.wav,0.58641
1299,0011/Surprise/0011_001650.wav,0.48581
1300,0011/Surprise/0011_001651.wav,0.68169
1301,0011/Surprise/0011_001652.wav,0.60021
1302,0011/Surprise/0011_001653.wav,0.73612
1303,0011/Surprise/0011_001654.wav,0.5896
1304,0011/Surprise/0011_001655.wav,0.7082
1305,0011/Surprise/0011_001656.wav,0.88261
1306,0011/Surprise/0011_001657.wav,0.69306
1307,0011/Surprise/0011_001658.wav,0.78925
1308,0011/Surprise/0011_001659.wav,0.78707
1309,0011/Surprise/0011_001660.wav,0.6677
1310,0011/Surprise/0011_001661.wav,0.64845
1311,0011/Surprise/0011_001662.wav,0.77515
1312,0011/Surprise/0011_001663.wav,0.60745
1313,0011/Surprise/0011_001664.wav,0.76739
1314,0011/Surprise/0011_001665.wav,0.64335
1315,0011/Surprise/0011_001666.wav,0.59886
1316,0011/Surprise/0011_001667.wav,0.63037
1317,0011/Surprise/0011_001668.wav,0.77337
1318,0011/Surprise/0011_001669.wav,0.88383
1319,0011/Surprise/0011_001670.wav,0.61644
1320,0011/Surprise/0011_001671.wav,0.70284
1321,0011/Surprise/0011_001672.wav,0.78533
1322,0011/Surprise/0011_001673.wav,0.76353
1323,0011/Surprise/0011_001674.wav,0.71109
1324,0011/Surprise/0011_001675.wav,0.59878
1325,0011/Surprise/0011_001676.wav,0.70907
1326,0011/Surprise/0011_001677.wav,0.69437
1327,0011/Surprise/0011_001678.wav,0.74561
1328,0011/Surprise/0011_001679.wav,0.71705
1329,0011/Surprise/0011_001680.wav,0.61231
1330,0011/Surprise/0011_001681.wav,0.65187
1331,0011/Surprise/0011_001682.wav,0.68756
1332,0011/Surprise/0011_001683.wav,0.60884
1333,0011/Surprise/0011_001684.wav,0.65122
1334,0011/Surprise/0011_001685.wav,0.53355
1335,0011/Surprise/0011_001686.wav,0.72004
1336,0011/Surprise/0011_001687.wav,0.69966
1337,0011/Surprise/0011_001688.wav,0.77317
1338,0011/Surprise/0011_001689.wav,0.59918
1339,0011/Surprise/0011_001690.wav,0.69166
1340,0011/Surprise/0011_001691.wav,0.74444
1341,0011/Surprise/0011_001692.wav,0.70463
1342,0011/Surprise/0011_001693.wav,0.59925
1343,0011/Surprise/0011_001694.wav,0.68411
1344,0011/Surprise/0011_001695.wav,0.7586
1345,0011/Surprise/0011_001696.wav,0.59752
1346,0011/Surprise/0011_001697.wav,0.70153
1347,0011/Surprise/0011_001698.wav,0.51978
1348,0011/Surprise/0011_001699.wav,0.63902
1349,0011/Surprise/0011_001700.wav,0.68645
1350,0011/Surprise/0011_001701.wav,0.69491
1351,0011/Surprise/0011_001702.wav,0.58298
1352,0011/Surprise/0011_001703.wav,0.71006
1353,0011/Surprise/0011_001704.wav,0.84936
1354,0011/Surprise/0011_001705.wav,0.58811
1355,0011/Surprise/0011_001706.wav,0.72897
1356,0011/Surprise/0011_001707.wav,0.69526
1357,0011/Surprise/0011_001708.wav,0.75309
1358,0011/Surprise/0011_001709.wav,0.61055
1359,0011/Surprise/0011_001710.wav,0.70946
1360,0011/Surprise/0011_001711.wav,0.60044
1361,0011/Surprise/0011_001712.wav,0.66678
1362,0011/Surprise/0011_001713.wav,0.70227
1363,0011/Surprise/0011_001714.wav,0.69337
1364,0011/Surprise/0011_001715.wav,0.60389
1365,0011/Surprise/0011_001716.wav,0.75106
1366,0011/Surprise/0011_001717.wav,0.62873
1367,0011/Surprise/0011_001718.wav,0.66369
1368,0011/Surprise/0011_001719.wav,0.74083
1369,0011/Surprise/0011_001720.wav,0.58075
1370,0011/Surprise/0011_001721.wav,0.59914
1371,0011/Surprise/0011_001722.wav,0.79912
1372,0011/Surprise/0011_001723.wav,0.89283
1373,0011/Surprise/0011_001724.wav,0.74048
1374,0011/Surprise/0011_001725.wav,0.6935
1375,0011/Surprise/0011_001726.wav,0.59468
1376,0011/Surprise/0011_001727.wav,0.59937
1377,0011/Surprise/0011_001728.wav,0.68889
1378,0011/Surprise/0011_001729.wav,0.81358
1379,0011/Surprise/0011_001730.wav,0.69507
1380,0011/Surprise/0011_001731.wav,0.78515
1381,0011/Surprise/0011_001732.wav,0.71066
1382,0011/Surprise/0011_001733.wav,0.73936
1383,0011/Surprise/0011_001734.wav,0.85191
1384,0011/Surprise/0011_001735.wav,0.86015
1385,0011/Surprise/0011_001736.wav,0.65453
1386,0011/Surprise/0011_001737.wav,0.53148
1387,0011/Surprise/0011_001738.wav,0.71157
1388,0011/Surprise/0011_001739.wav,0.65937
1389,0011/Surprise/0011_001740.wav,0.60696
1390,0011/Surprise/0011_001741.wav,0.78168
1391,0011/Surprise/0011_001742.wav,0.70842
1392,0011/Surprise/0011_001743.wav,0.63438
1393,0011/Surprise/0011_001744.wav,0.74961
1394,0011/Surprise/0011_001745.wav,0.70628
1395,0011/Surprise/0011_001746.wav,0.79737
1396,0011/Surprise/0011_001747.wav,0.7518
1397,0011/Surprise/0011_001748.wav,0.66522
1398,0011/Surprise/0011_001749.wav,0.68444
1399,0011/Surprise/0011_001750.wav,0.72756